,Strategy,Dataset,n_instances,l_attributes,k_neighbours,fit_time,accuracy,f1_macro,f1_micro
0,Randomised search,D0,32561,110,140,4.071431239446004,0.5029636681920089,0.36596825632994856,0.5029636681920089
1,Randomised search,D0,32561,110,15,5.974363883336385,0.49832621848223335,0.36177066156806587,0.49832621848223335
2,Randomised search,D0,32561,110,17,4.640477418899536,0.4984183532446792,0.36186337419767267,0.4984183532446792
3,Randomised search,D0,32561,110,10,3.07952348391215,0.4981112373698596,0.36153996767938973,0.4981112373698596
4,Randomised search,D0,32561,110,98,3.476240873336792,0.5018887626301404,0.3653522474044006,0.5018887626301404
5,Randomised search,D0,32561,110,71,2.7733739217122397,0.5007524338933079,0.364378474041811,0.5007524338933079
6,Randomised search,D0,32561,110,62,5.501293897628784,0.5002917600810786,0.3638751860937343,0.5002917600810786
7,Randomised search,D0,32561,110,87,3.249640146891276,0.5008138570682719,0.3643275854238344,0.5008138570682719
8,Randomised search,D0,32561,110,123,3.02437416712443,0.5022265900924419,0.3654793584051868,0.5022265900924419
9,Randomised search,D0,32561,110,116,2.613616148630778,0.5022265900924419,0.36545605045633556,0.5022265900924419
10,Randomised search,D0,32561,110,82,2.752253452936808,0.5009059918307177,0.3644831813114509,0.5009059918307177
11,Randomised search,D0,32561,110,8,2.524461110432943,0.4980805257823777,0.36155587146162993,0.4980805257823777
12,Randomised search,D0,32561,110,147,2.993626832962036,0.5030865145419366,0.36602586147323196,0.5030865145419366
13,Randomised search,D0,32561,110,76,3.401376485824585,0.5009367034181997,0.36454662280369476,0.5009367034181997
14,Randomised search,D0,32561,110,122,2.835204521814982,0.5022880132674058,0.3655286286375585,0.5022880132674058
15,Randomised search,D0,32561,110,156,3.4023588498433432,0.5884033045668131,0.3553528200401271,0.5884033045668131
16,Randomised search,D0,32561,110,2,3.3152506351470947,0.49804981419489575,0.36151064060352184,0.49804981419489575
17,Randomised search,D0,32561,110,89,2.4622131983439126,0.5008445686557538,0.36433255745085386,0.5008445686557538
18,Randomised search,D0,32561,110,172,3.0183592637379966,0.7591904425539756,0.4315567114498748,0.7591904425539756
19,Randomised search,D0,32561,110,107,2.6492701371510825,0.5018580510426583,0.3651897646735089,0.5018580510426583
20,Randomised search,D0,32561,110,127,2.62030029296875,0.5024108596173337,0.3655444969334355,0.5024108596173337
21,Randomised search,D0,32561,110,174,2.8455659548441568,0.7591904425539756,0.4315567114498748,0.7591904425539756
22,Randomised search,D0,32561,110,84,3.245628595352173,0.5009367034181997,0.364488159221492,0.5009367034181997
23,Randomised search,D0,32561,110,91,2.4358096917470298,0.5008752802432358,0.3643960617404987,0.5008752802432358
24,Randomised search,D0,32561,110,136,2.516691207885742,0.5028101102545991,0.36585056973220226,0.5028101102545991
0,Randomised search,D1,625,6,6,0.0026738643646240234,0.344,0.17679871264641658,0.344
1,Randomised search,D1,625,6,4,0.0030075709025065103,0.3392,0.17278028664008296,0.3392
2,Randomised search,D1,625,6,23,0.0033425490061442056,0.3632,0.1790296046159117,0.3632
3,Randomised search,D1,625,6,16,0.0020051002502441406,0.3664,0.18238520715204676,0.3664
4,Randomised search,D1,625,6,3,0.0023392836252848306,0.3344,0.1666024896359268,0.3344
5,Randomised search,D1,625,6,2,0.0023391246795654297,0.336,0.18041314889896334,0.336
6,Randomised search,D1,625,6,9,0.0030080477396647134,0.3648,0.18632106321916056,0.3648
7,Randomised search,D1,625,6,6,0.002672910690307617,0.344,0.17679871264641658,0.344
8,Randomised search,D1,625,6,12,0.002339442571004232,0.3664,0.18593582391972105,0.3664
9,Randomised search,D1,625,6,9,0.00300749142964681,0.3648,0.18632106321916056,0.3648
10,Randomised search,D1,625,6,19,0.0026700496673583984,0.3536,0.1721434493337168,0.3536
11,Randomised search,D1,625,6,2,0.0030077298482259116,0.336,0.18041314889896334,0.336
12,Randomised search,D1,625,6,14,0.002672592798868815,0.3696,0.1886853269608129,0.3696
13,Randomised search,D1,625,6,22,0.002675294876098633,0.3632,0.17905900488927237,0.3632
14,Randomised search,D1,625,6,24,0.004011869430541992,0.3632,0.17905900488927237,0.3632
15,Randomised search,D1,625,6,15,0.003344297409057617,0.3632,0.17896188937320948,0.3632
16,Randomised search,D1,625,6,4,0.0026733875274658203,0.3392,0.17278028664008296,0.3392
17,Randomised search,D1,625,6,16,0.0023404757181803384,0.3664,0.18238520715204676,0.3664
18,Randomised search,D1,625,6,9,0.0023401578267415366,0.3648,0.18632106321916056,0.3648
19,Randomised search,D1,625,6,7,0.003008127212524414,0.3552,0.1806317812276851,0.3552
20,Randomised search,D1,625,6,3,0.002674102783203125,0.3344,0.1666024896359268,0.3344
21,Randomised search,D1,625,6,23,0.002673943837483724,0.3632,0.1790296046159117,0.3632
22,Randomised search,D1,625,6,21,0.002671321233113607,0.3616,0.1778915848864384,0.3616
23,Randomised search,D1,625,6,5,0.004011472066243489,0.3376,0.16950554100820037,0.3376
24,Randomised search,D1,625,6,11,0.004344542821248372,0.3616,0.1829135865951429,0.3616
0,Randomised search,D2,143,39,3,0.0013367335001627605,0.6293706293706294,0.4128078464497222,0.6293706293706294
1,Randomised search,D2,143,39,9,0.0016713937123616536,0.7132867132867133,0.4591482854646373,0.7132867132867133
2,Randomised search,D2,143,39,5,0.001336812973022461,0.6363636363636364,0.4182194063231234,0.6363636363636364
3,Randomised search,D2,143,39,8,0.001337289810180664,0.7132867132867133,0.4591482854646373,0.7132867132867133
4,Randomised search,D2,143,39,9,0.0010008811950683594,0.7132867132867133,0.4591482854646373,0.7132867132867133
5,Randomised search,D2,143,39,4,0.0013370513916015625,0.6363636363636364,0.4182194063231234,0.6363636363636364
6,Randomised search,D2,143,39,2,0.0010026295979817708,0.6363636363636364,0.4182194063231234,0.6363636363636364
7,Randomised search,D2,143,39,10,0.0010027885437011719,0.7342657342657343,0.47432824322832723,0.7342657342657342
8,Randomised search,D2,143,39,7,0.0016709168752034504,0.6363636363636364,0.4218051314486825,0.6363636363636364
9,Randomised search,D2,143,39,1,0.00167083740234375,0.6013986013986014,0.3835666702031013,0.6013986013986014
10,Randomised search,D2,143,39,6,0.0016706784566243489,0.6363636363636364,0.4182194063231234,0.6363636363636364
11,Randomised search,D2,143,39,4,0.001003265380859375,0.6363636363636364,0.4182194063231234,0.6363636363636364
12,Randomised search,D2,143,39,5,0.0010022322336832683,0.6363636363636364,0.4182194063231234,0.6363636363636364
13,Randomised search,D2,143,39,4,0.0010034243265787761,0.6363636363636364,0.4182194063231234,0.6363636363636364
14,Randomised search,D2,143,39,3,0.001336971918741862,0.6293706293706294,0.4128078464497222,0.6293706293706294
15,Randomised search,D2,143,39,5,0.001337289810180664,0.6363636363636364,0.4182194063231234,0.6363636363636364
16,Randomised search,D2,143,39,8,0.001001914342244466,0.7132867132867133,0.4591482854646373,0.7132867132867133
17,Randomised search,D2,143,39,4,0.0016712347666422527,0.6363636363636364,0.4182194063231234,0.6363636363636364
18,Randomised search,D2,143,39,10,0.0013368924458821614,0.7342657342657343,0.47432824322832723,0.7342657342657342
19,Randomised search,D2,143,39,11,0.0016717116038004558,0.7342657342657343,0.47432824322832723,0.7342657342657342
20,Randomised search,D2,143,39,11,0.0013368924458821614,0.7342657342657343,0.47432824322832723,0.7342657342657342
21,Randomised search,D2,143,39,3,0.001336971918741862,0.6293706293706294,0.4128078464497222,0.6293706293706294
22,Randomised search,D2,143,39,2,0.0023423035939534507,0.6363636363636364,0.4182194063231234,0.6363636363636364
23,Randomised search,D2,143,39,2,0.0013361771901448567,0.6363636363636364,0.4182194063231234,0.6363636363636364
24,Randomised search,D2,143,39,9,0.0016744136810302734,0.7132867132867133,0.4591482854646373,0.7132867132867133
0,Randomised search,D3,1728,23,27,0.006683746973673503,0.38310185185185186,0.1541609398356803,0.38310185185185186
1,Randomised search,D3,1728,23,32,0.007018327713012695,0.3819444444444444,0.15253240016138492,0.3819444444444444
2,Randomised search,D3,1728,23,15,0.007352749506632487,0.37210648148148145,0.1442361512006924,0.37210648148148145
3,Randomised search,D3,1728,23,11,0.006350040435791016,0.36863425925925924,0.14322200275273136,0.36863425925925924
4,Randomised search,D3,1728,23,5,0.008020957310994467,0.36747685185185186,0.14302704781420486,0.36747685185185186
5,Randomised search,D3,1728,23,18,0.0060155391693115234,0.375,0.14787204146131225,0.375
6,Randomised search,D3,1728,23,25,0.006682475407918294,0.37905092592592593,0.15127232879721467,0.37905092592592593
7,Randomised search,D3,1728,23,32,0.006683905919392903,0.3819444444444444,0.15253240016138492,0.3819444444444444
8,Randomised search,D3,1728,23,11,0.006015936533610026,0.36863425925925924,0.14322200275273136,0.36863425925925924
9,Randomised search,D3,1728,23,13,0.006684621175130208,0.36863425925925924,0.142935083179252,0.36863425925925924
10,Randomised search,D3,1728,23,24,0.006687005360921224,0.3784722222222222,0.1508193904531111,0.3784722222222222
11,Randomised search,D3,1728,23,15,0.007685422897338867,0.37210648148148145,0.1442361512006924,0.37210648148148145
12,Randomised search,D3,1728,23,41,0.00802151362101237,0.3894675925925926,0.15444353949169237,0.3894675925925926
13,Randomised search,D3,1728,23,5,0.006349643071492513,0.36747685185185186,0.14302704781420486,0.36747685185185186
14,Randomised search,D3,1728,23,14,0.006684223810831706,0.36863425925925924,0.14263008773062338,0.36863425925925924
15,Randomised search,D3,1728,23,6,0.0070188045501708984,0.36689814814814814,0.14248407990909517,0.36689814814814814
16,Randomised search,D3,1728,23,37,0.006350040435791016,0.38657407407407407,0.15306142334289974,0.38657407407407407
17,Randomised search,D3,1728,23,23,0.006684700647989909,0.3773148148148148,0.1497214306631784,0.3773148148148148
18,Randomised search,D3,1728,23,33,0.007018248240152995,0.3871527777777778,0.154702720985525,0.3871527777777778
19,Randomised search,D3,1728,23,30,0.006350119908650716,0.38252314814814814,0.1531652229147617,0.38252314814814814
20,Randomised search,D3,1728,23,27,0.007018645604451497,0.38310185185185186,0.1541609398356803,0.38310185185185186
21,Randomised search,D3,1728,23,39,0.006350596745808919,0.38773148148148145,0.15349384558622353,0.38773148148148145
22,Randomised search,D3,1728,23,10,0.005681673685709636,0.36747685185185186,0.1418673577778423,0.36747685185185186
23,Randomised search,D3,1728,23,7,0.007351318995157878,0.36747685185185186,0.14333140860852142,0.36747685185185186
24,Randomised search,D3,1728,23,1,0.006683031717936198,0.3645833333333333,0.14453008462405761,0.3645833333333333
0,Randomised search,D4,90,8,1,0.0020051797231038413,0.5333333333333333,0.3848177446464487,0.5333333333333333
1,Randomised search,D4,90,8,6,0.0016716321309407551,0.45555555555555555,0.3439900284461875,0.45555555555555555
2,Randomised search,D4,90,8,4,0.001336812973022461,0.4666666666666667,0.3544431112365895,0.4666666666666667
3,Randomised search,D4,90,8,8,0.0016706784566243489,0.45555555555555555,0.3439900284461875,0.45555555555555555
4,Randomised search,D4,90,8,6,0.002005338668823242,0.45555555555555555,0.3439900284461875,0.45555555555555555
5,Randomised search,D4,90,8,3,0.0020051797231038413,0.4666666666666667,0.3544431112365895,0.4666666666666667
6,Randomised search,D4,90,8,5,0.0020058155059814453,0.45555555555555555,0.3420924218025668,0.45555555555555555
7,Randomised search,D4,90,8,5,0.0016705989837646484,0.45555555555555555,0.3420924218025668,0.45555555555555555
8,Randomised search,D4,90,8,3,0.0036766529083251953,0.4666666666666667,0.3544431112365895,0.4666666666666667
9,Randomised search,D4,90,8,1,0.0020057360331217446,0.5333333333333333,0.3848177446464487,0.5333333333333333
10,Randomised search,D4,90,8,7,0.0010037422180175781,0.45555555555555555,0.3439900284461875,0.45555555555555555
11,Randomised search,D4,90,8,7,0.0010026295979817708,0.45555555555555555,0.3439900284461875,0.45555555555555555
12,Randomised search,D4,90,8,8,0.0013368924458821614,0.45555555555555555,0.3439900284461875,0.45555555555555555
13,Randomised search,D4,90,8,2,0.0010028680165608723,0.4777777777777778,0.3662369694917937,0.4777777777777778
14,Randomised search,D4,90,8,6,0.0010030269622802734,0.45555555555555555,0.3439900284461875,0.45555555555555555
15,Randomised search,D4,90,8,4,0.0016712347666422527,0.4666666666666667,0.3544431112365895,0.4666666666666667
16,Randomised search,D4,90,8,8,0.0010025501251220703,0.45555555555555555,0.3439900284461875,0.45555555555555555
17,Randomised search,D4,90,8,1,0.0013368924458821614,0.5333333333333333,0.3848177446464487,0.5333333333333333
18,Randomised search,D4,90,8,3,0.0013372103373209636,0.4666666666666667,0.3544431112365895,0.4666666666666667
19,Randomised search,D4,90,8,2,0.002005894978841146,0.4777777777777778,0.3662369694917937,0.4777777777777778
20,Randomised search,D4,90,8,6,0.0013370513916015625,0.45555555555555555,0.3439900284461875,0.45555555555555555
21,Randomised search,D4,90,8,4,0.001337289810180664,0.4666666666666667,0.3544431112365895,0.4666666666666667
22,Randomised search,D4,90,8,8,0.0010028680165608723,0.45555555555555555,0.3439900284461875,0.45555555555555555
23,Randomised search,D4,90,8,5,0.0016709963480631511,0.45555555555555555,0.3420924218025668,0.45555555555555555
24,Randomised search,D4,90,8,7,0.002010981241861979,0.45555555555555555,0.3439900284461875,0.45555555555555555
0,Randomised search,D5,336,9,4,0.0020052591959635415,0.7708333333333334,0.5547938398149744,0.7708333333333334
1,Randomised search,D5,336,9,3,0.0026732285817464194,0.7619047619047619,0.5672618940077678,0.7619047619047619
2,Randomised search,D5,336,9,14,0.0020049413045247397,0.7797619047619048,0.5186948437401357,0.7797619047619048
3,Randomised search,D5,336,9,8,0.0023392836252848306,0.7767857142857143,0.5653060983952545,0.7767857142857143
4,Randomised search,D5,336,9,15,0.0020099480946858725,0.7767857142857143,0.5188698543934721,0.7767857142857143
5,Randomised search,D5,336,9,4,0.002003908157348633,0.7708333333333334,0.5547938398149744,0.7708333333333334
6,Randomised search,D5,336,9,8,0.0023397604624430337,0.7767857142857143,0.5653060983952545,0.7767857142857143
7,Randomised search,D5,336,9,10,0.0020051002502441406,0.7767857142857143,0.5160849456142187,0.7767857142857143
8,Randomised search,D5,336,9,10,0.0023376941680908203,0.7767857142857143,0.5160849456142187,0.7767857142857143
9,Randomised search,D5,336,9,10,0.0020051797231038413,0.7767857142857143,0.5160849456142187,0.7767857142857143
10,Randomised search,D5,336,9,6,0.002339442571004232,0.7708333333333334,0.5624271796015167,0.7708333333333334
11,Randomised search,D5,336,9,5,0.002005497614542643,0.7738095238095238,0.5749044770681224,0.7738095238095238
12,Randomised search,D5,336,9,1,0.00167083740234375,0.7738095238095238,0.6689273285341217,0.7738095238095238
13,Randomised search,D5,336,9,16,0.0013370513916015625,0.7797619047619048,0.5203778085927434,0.7797619047619048
14,Randomised search,D5,336,9,13,0.0013365745544433594,0.7767857142857143,0.5188698543934721,0.7767857142857143
15,Randomised search,D5,336,9,16,0.0020051797231038413,0.7797619047619048,0.5203778085927434,0.7797619047619048
16,Randomised search,D5,336,9,3,0.0016704400380452473,0.7619047619047619,0.5672618940077678,0.7619047619047619
17,Randomised search,D5,336,9,15,0.0020055770874023438,0.7767857142857143,0.5188698543934721,0.7767857142857143
18,Randomised search,D5,336,9,16,0.002005338668823242,0.7797619047619048,0.5203778085927434,0.7797619047619048
19,Randomised search,D5,336,9,14,0.0020056565602620444,0.7797619047619048,0.5186948437401357,0.7797619047619048
20,Randomised search,D5,336,9,15,0.004010518391927083,0.7767857142857143,0.5188698543934721,0.7767857142857143
21,Randomised search,D5,336,9,11,0.00200502077738444,0.7767857142857143,0.5188698543934721,0.7767857142857143
22,Randomised search,D5,336,9,3,0.00167083740234375,0.7619047619047619,0.5672618940077678,0.7619047619047619
23,Randomised search,D5,336,9,16,0.0013360182444254558,0.7797619047619048,0.5203778085927434,0.7797619047619048
24,Randomised search,D5,336,9,8,0.0016718705495198567,0.7767857142857143,0.5653060983952545,0.7767857142857143
0,Randomised search,D6,150,6,11,0.0016712347666422527,0.7933333333333333,0.7873946669817637,0.7933333333333333
1,Randomised search,D6,150,6,7,0.001671155293782552,0.7933333333333333,0.7873946669817637,0.7933333333333333
2,Randomised search,D6,150,6,1,0.0010028680165608723,0.7933333333333333,0.7873946669817637,0.7933333333333333
3,Randomised search,D6,150,6,2,0.0016705989837646484,0.7866666666666666,0.7798004372888094,0.7866666666666666
4,Randomised search,D6,150,6,4,0.001671155293782552,0.7866666666666666,0.7798004372888094,0.7866666666666666
5,Randomised search,D6,150,6,2,0.0016709168752034504,0.7866666666666666,0.7798004372888094,0.7866666666666666
6,Randomised search,D6,150,6,7,0.0013362566630045574,0.7933333333333333,0.7873946669817637,0.7933333333333333
7,Randomised search,D6,150,6,2,0.0010027090708414714,0.7866666666666666,0.7798004372888094,0.7866666666666666
8,Randomised search,D6,150,6,3,0.002673943837483724,0.7933333333333333,0.7873946669817637,0.7933333333333333
9,Randomised search,D6,150,6,11,0.0013367335001627605,0.7933333333333333,0.7873946669817637,0.7933333333333333
10,Randomised search,D6,150,6,9,0.001337130864461263,0.7933333333333333,0.7873946669817637,0.7933333333333333
11,Randomised search,D6,150,6,7,0.0016709963480631511,0.7933333333333333,0.7873946669817637,0.7933333333333333
12,Randomised search,D6,150,6,6,0.0010020732879638672,0.7866666666666666,0.7798004372888094,0.7866666666666666
13,Randomised search,D6,150,6,1,0.002005497614542643,0.7933333333333333,0.7873946669817637,0.7933333333333333
14,Randomised search,D6,150,6,1,0.0013365745544433594,0.7933333333333333,0.7873946669817637,0.7933333333333333
15,Randomised search,D6,150,6,11,0.0010026295979817708,0.7933333333333333,0.7873946669817637,0.7933333333333333
16,Randomised search,D6,150,6,2,0.0010025501251220703,0.7866666666666666,0.7798004372888094,0.7866666666666666
17,Randomised search,D6,150,6,6,0.0016714731852213542,0.7866666666666666,0.7798004372888094,0.7866666666666666
18,Randomised search,D6,150,6,6,0.0016707579294840496,0.7866666666666666,0.7798004372888094,0.7866666666666666
19,Randomised search,D6,150,6,10,0.001336971918741862,0.7866666666666666,0.7798004372888094,0.7866666666666666
20,Randomised search,D6,150,6,9,0.0010027885437011719,0.7933333333333333,0.7873946669817637,0.7933333333333333
21,Randomised search,D6,150,6,9,0.0010031064351399739,0.7933333333333333,0.7873946669817637,0.7933333333333333
22,Randomised search,D6,150,6,5,0.0016712347666422527,0.7933333333333333,0.7873946669817637,0.7933333333333333
23,Randomised search,D6,150,6,12,0.0013362566630045574,0.7866666666666666,0.7798004372888094,0.7866666666666666
24,Randomised search,D6,150,6,8,0.0010027090708414714,0.7866666666666666,0.7798004372888094,0.7866666666666666
0,Randomised search,D7,12960,29,107,0.35494287808736164,0.1506172839506173,0.07248024240538761,0.1506172839506173
1,Randomised search,D7,12960,29,1,0.3566138744354248,0.11388888888888889,0.05226488035972045,0.11388888888888889
2,Randomised search,D7,12960,29,15,0.330544392267863,0.12322530864197531,0.05658052301136019,0.12322530864197531
3,Randomised search,D7,12960,29,27,0.30347299575805664,0.12955246913580246,0.060748717383129036,0.12955246913580246
4,Randomised search,D7,12960,29,32,0.2987940311431885,0.13016975308641976,0.06147601490418513,0.13016975308641976
5,Randomised search,D7,12960,29,92,0.31383419036865234,0.14868827160493828,0.0715880896545601,0.14868827160493828
6,Randomised search,D7,12960,29,68,0.2977911631266276,0.13989197530864197,0.06627921296220578,0.13989197530864197
7,Randomised search,D7,12960,29,56,0.28943634033203125,0.13796296296296295,0.06536521005411618,0.13796296296296295
8,Randomised search,D7,12960,29,101,0.3011331558227539,0.15,0.07220563416037445,0.15
9,Randomised search,D7,12960,29,31,0.2981252670288086,0.12986111111111112,0.060209995214239746,0.12986111111111112
10,Randomised search,D7,12960,29,62,0.2914408842722575,0.1396604938271605,0.06609133065209098,0.1396604938271605
11,Randomised search,D7,12960,29,99,0.30280470848083496,0.14976851851851852,0.07207692526244676,0.14976851851851852
12,Randomised search,D7,12960,29,74,0.3044761021931966,0.14066358024691358,0.06672253026047716,0.14066358024691358
13,Randomised search,D7,12960,29,110,0.29378072420756024,0.1511574074074074,0.07271902036870856,0.1511574074074074
14,Randomised search,D7,12960,29,48,0.29678893089294434,0.13703703703703704,0.06485909087032077,0.13703703703703704
15,Randomised search,D7,12960,29,19,0.3124971389770508,0.12723765432098766,0.05938282126197399,0.12723765432098766
16,Randomised search,D7,12960,29,85,0.3803443908691406,0.1472993827160494,0.07076408243299134,0.1472993827160494
17,Randomised search,D7,12960,29,36,0.4565466245015462,0.13279320987654322,0.062089703055382646,0.13279320987654322
18,Randomised search,D7,12960,29,71,0.3124971389770508,0.14035493827160495,0.0665275468302177,0.14035493827160495
19,Randomised search,D7,12960,29,44,0.3241969744364421,0.13665123456790124,0.06463741665167116,0.13665123456790124
20,Randomised search,D7,12960,29,100,0.30781833330790204,0.15,0.07235508609477243,0.15
21,Randomised search,D7,12960,29,2,0.3188475767771403,0.11342592592592593,0.053364106980505165,0.11342592592592593
22,Randomised search,D7,12960,29,67,0.31316479047139484,0.1396604938271605,0.06607532828639161,0.1396604938271605
23,Randomised search,D7,12960,29,12,0.32686901092529297,0.12353395061728395,0.05670240137875557,0.12353395061728395
24,Randomised search,D7,12960,29,77,0.30280478795369464,0.1429783950617284,0.06821139244271963,0.1429783950617284
0,Randomised search,D8,2533,74,25,0.01938486099243164,0.5353335965258587,0.3354109686144121,0.5353335965258587
1,Randomised search,D8,2533,74,21,0.021390438079833984,0.5155941571259376,0.32589064497633363,0.5155941571259376
2,Randomised search,D8,2533,74,9,0.0173795223236084,0.4472956968022108,0.2826964156524225,0.4472956968022108
3,Randomised search,D8,2533,74,34,0.027406056722005207,0.8282668772206869,0.448913706942912,0.8282668772206869
4,Randomised search,D8,2533,74,39,0.022058725357055664,0.8484011054086064,0.4563877218105849,0.8484011054086064
5,Randomised search,D8,2533,74,45,0.017713546752929688,0.8527437820765891,0.45792947827649033,0.8527437820765891
6,Randomised search,D8,2533,74,34,0.018047650655110676,0.8282668772206869,0.448913706942912,0.8282668772206869
7,Randomised search,D8,2533,74,36,0.018048206965128582,0.8349782866166601,0.45146655975779615,0.8349782866166601
8,Randomised search,D8,2533,74,6,0.016710917154947918,0.4378207658902487,0.27620881006246445,0.4378207658902487
9,Randomised search,D8,2533,74,45,0.024732271830240887,0.8527437820765891,0.45792947827649033,0.8527437820765891
10,Randomised search,D8,2533,74,13,0.01771370569864909,0.46506119226213977,0.2955251689114275,0.46506119226213977
11,Randomised search,D8,2533,74,30,0.018382151921590168,0.822739834188709,0.44856278671887295,0.822739834188709
12,Randomised search,D8,2533,74,47,0.022392988204956055,0.8594551914725622,0.4602658300578834,0.8594551914725622
13,Randomised search,D8,2533,74,19,0.020721435546875,0.5144097907619424,0.32526719070636884,0.5144097907619424
14,Randomised search,D8,2533,74,26,0.019384304682413738,0.536517962889854,0.3359875154060594,0.536517962889854
15,Randomised search,D8,2533,74,18,0.016710758209228516,0.5148045795499407,0.3254753167933769,0.5148045795499407
16,Randomised search,D8,2533,74,2,0.017379601796468098,0.40465850769838135,0.24292640052867653,0.40465850769838135
17,Randomised search,D8,2533,74,10,0.01838207244873047,0.4654559810501382,0.29588476255846696,0.4654559810501382
18,Randomised search,D8,2533,74,50,0.017379363377888996,0.9368337939202527,0.4836933989622058,0.9368337939202527
19,Randomised search,D8,2533,74,40,0.0207215150197347,0.8511646269245954,0.45737160717163255,0.8511646269245954
20,Randomised search,D8,2533,74,42,0.017045259475708008,0.8507698381365969,0.4572316472720018,0.8507698381365969
21,Randomised search,D8,2533,74,24,0.016711076100667317,0.5357283853138571,0.33560340198995425,0.5357283853138571
22,Randomised search,D8,2533,74,6,0.01871641476949056,0.4378207658902487,0.27620881006246445,0.4378207658902487
23,Randomised search,D8,2533,74,47,0.017044862111409504,0.8594551914725622,0.4602658300578834,0.8594551914725622
24,Randomised search,D8,2533,74,43,0.01704518000284831,0.8503750493485985,0.4570914896888969,0.8503750493485985
0,Randomised search,D9,958,29,8,0.002338886260986328,0.8329853862212944,0.8159184084173402,0.8329853862212944
1,Randomised search,D9,958,29,29,0.003008127212524414,0.8340292275574113,0.8169767234047277,0.8340292275574113
2,Randomised search,D9,958,29,15,0.0043447017669677734,0.8329853862212944,0.8153278765782956,0.8329853862212944
3,Randomised search,D9,958,29,21,0.0030078887939453125,0.8329853862212944,0.8153278765782956,0.8329853862212944
4,Randomised search,D9,958,29,20,0.0030082066853841147,0.8329853862212944,0.8159184084173402,0.8329853862212944
5,Randomised search,D9,958,29,30,0.003007650375366211,0.8329853862212944,0.8159184084173402,0.8329853862212944
6,Randomised search,D9,958,29,12,0.0036766529083251953,0.8329853862212944,0.8159184084173402,0.8329853862212944
7,Randomised search,D9,958,29,16,0.006349722544352214,0.8340292275574113,0.8169767234047277,0.8340292275574113
8,Randomised search,D9,958,29,5,0.0036764144897460938,0.8329853862212944,0.8153278765782956,0.8329853862212944
9,Randomised search,D9,958,29,9,0.0030077298482259116,0.8340292275574113,0.8169767234047277,0.8340292275574113
10,Randomised search,D9,958,29,28,0.007687012354532878,0.8340292275574113,0.8169767234047277,0.8340292275574113
11,Randomised search,D9,958,29,19,0.003676255544026693,0.8329853862212944,0.8153278765782956,0.8329853862212944
12,Randomised search,D9,958,29,28,0.003342151641845703,0.8340292275574113,0.8169767234047277,0.8340292275574113
13,Randomised search,D9,958,29,25,0.00300749142964681,0.8340292275574113,0.8169767234047277,0.8340292275574113
14,Randomised search,D9,958,29,18,0.0030082066853841147,0.8329853862212944,0.8159184084173402,0.8329853862212944
15,Randomised search,D9,958,29,14,0.004344781239827474,0.8340292275574113,0.8169767234047277,0.8340292275574113
16,Randomised search,D9,958,29,7,0.003008286158243815,0.8340292275574113,0.8169767234047277,0.8340292275574113
17,Randomised search,D9,958,29,19,0.003007968266805013,0.8329853862212944,0.8153278765782956,0.8329853862212944
18,Randomised search,D9,958,29,16,0.003007650375366211,0.8340292275574113,0.8169767234047277,0.8340292275574113
19,Randomised search,D9,958,29,10,0.0033423900604248047,0.8340292275574113,0.8169767234047277,0.8340292275574113
20,Randomised search,D9,958,29,1,0.0026737848917643228,0.8340292275574113,0.8169767234047277,0.8340292275574113
21,Randomised search,D9,958,29,20,0.0030083656311035156,0.8329853862212944,0.8159184084173402,0.8329853862212944
22,Randomised search,D9,958,29,21,0.003007809321085612,0.8329853862212944,0.8153278765782956,0.8329853862212944
23,Randomised search,D9,958,29,20,0.003007968266805013,0.8329853862212944,0.8159184084173402,0.8329853862212944
24,Randomised search,D9,958,29,24,0.0026737848917643228,0.8340292275574113,0.8169767234047277,0.8340292275574113
0,Randomised search,D10,178,15,1,0.002005497614542643,0.7696629213483146,0.7677622003464699,0.7696629213483146
1,Randomised search,D10,178,15,7,0.0020055770874023438,0.7696629213483146,0.7677622003464699,0.7696629213483146
2,Randomised search,D10,178,15,9,0.0020056565602620444,0.7640449438202247,0.7623327644493048,0.7640449438202247
3,Randomised search,D10,178,15,3,0.0016709168752034504,0.7640449438202247,0.7623327644493048,0.7640449438202247
4,Randomised search,D10,178,15,1,0.0016713142395019531,0.7696629213483146,0.7677622003464699,0.7696629213483146
5,Randomised search,D10,178,15,1,0.0013365745544433594,0.7696629213483146,0.7677622003464699,0.7696629213483146
6,Randomised search,D10,178,15,3,0.0020062128702799478,0.7640449438202247,0.7623327644493048,0.7640449438202247
7,Randomised search,D10,178,15,2,0.0013368924458821614,0.7752808988764045,0.7742229027831328,0.7752808988764045
8,Randomised search,D10,178,15,10,0.0016713142395019531,0.7696629213483146,0.7687913941790321,0.7696629213483146
9,Randomised search,D10,178,15,9,0.00167083740234375,0.7640449438202247,0.7623327644493048,0.7640449438202247
10,Randomised search,D10,178,15,11,0.0010027090708414714,0.7640449438202247,0.7623327644493048,0.7640449438202247
11,Randomised search,D10,178,15,7,0.001337130864461263,0.7696629213483146,0.7677622003464699,0.7696629213483146
12,Randomised search,D10,178,15,5,0.0020052591959635415,0.7640449438202247,0.7623327644493048,0.7640449438202247
13,Randomised search,D10,178,15,11,0.0016709168752034504,0.7640449438202247,0.7623327644493048,0.7640449438202247
14,Randomised search,D10,178,15,12,0.0010030269622802734,0.7752808988764045,0.7742229027831328,0.7752808988764045
15,Randomised search,D10,178,15,12,0.0016712347666422527,0.7752808988764045,0.7742229027831328,0.7752808988764045
16,Randomised search,D10,178,15,3,0.0010026295979817708,0.7640449438202247,0.7623327644493048,0.7640449438202247
17,Randomised search,D10,178,15,4,0.0023392041524251304,0.7752808988764045,0.7742229027831328,0.7752808988764045
18,Randomised search,D10,178,15,11,0.0016707579294840496,0.7640449438202247,0.7623327644493048,0.7640449438202247
19,Randomised search,D10,178,15,1,0.0010027885437011719,0.7696629213483146,0.7677622003464699,0.7696629213483146
20,Randomised search,D10,178,15,8,0.0016710758209228516,0.7696629213483146,0.7687913941790321,0.7696629213483146
21,Randomised search,D10,178,15,3,0.0020051797231038413,0.7640449438202247,0.7623327644493048,0.7640449438202247
22,Randomised search,D10,178,15,5,0.0016709168752034504,0.7640449438202247,0.7623327644493048,0.7640449438202247
23,Randomised search,D10,178,15,2,0.0013370513916015625,0.7752808988764045,0.7742229027831328,0.7752808988764045
24,Randomised search,D10,178,15,7,0.001336971918741862,0.7696629213483146,0.7677622003464699,0.7696629213483146
