,Buying_0,Buying_1,Buying_2,Buying_3,Maintenance_0,Maintenance_1,Maintenance_2,Maintenance_3,Doors_0,Doors_1,Doors_2,Doors_3,Persons_0,Persons_1,Persons_2,Lug_boot_0,Lug_boot_1,Lug_boot_2,safety_0,safety_1,safety_2,target
0,0,0,0,1,0,0,0,1,1,0,0,0,1,0,0,0,0,1,0,1,0,2
1,0,0,0,1,0,0,0,1,1,0,0,0,1,0,0,0,0,1,0,0,1,2
2,0,0,0,1,0,0,0,1,1,0,0,0,1,0,0,0,0,1,1,0,0,2
3,0,0,0,1,0,0,0,1,1,0,0,0,1,0,0,0,1,0,0,1,0,2
4,0,0,0,1,0,0,0,1,1,0,0,0,1,0,0,0,1,0,0,0,1,2
5,0,0,0,1,0,0,0,1,1,0,0,0,1,0,0,0,1,0,1,0,0,2
6,0,0,0,1,0,0,0,1,1,0,0,0,1,0,0,1,0,0,0,1,0,2
7,0,0,0,1,0,0,0,1,1,0,0,0,1,0,0,1,0,0,0,0,1,2
8,0,0,0,1,0,0,0,1,1,0,0,0,1,0,0,1,0,0,1,0,0,2
9,0,0,0,1,0,0,0,1,1,0,0,0,0,1,0,0,0,1,0,1,0,2
10,0,0,0,1,0,0,0,1,1,0,0,0,0,1,0,0,0,1,0,0,1,2
11,0,0,0,1,0,0,0,1,1,0,0,0,0,1,0,0,0,1,1,0,0,2
12,0,0,0,1,0,0,0,1,1,0,0,0,0,1,0,0,1,0,0,1,0,2
13,0,0,0,1,0,0,0,1,1,0,0,0,0,1,0,0,1,0,0,0,1,2
14,0,0,0,1,0,0,0,1,1,0,0,0,0,1,0,0,1,0,1,0,0,2
15,0,0,0,1,0,0,0,1,1,0,0,0,0,1,0,1,0,0,0,1,0,2
16,0,0,0,1,0,0,0,1,1,0,0,0,0,1,0,1,0,0,0,0,1,2
17,0,0,0,1,0,0,0,1,1,0,0,0,0,1,0,1,0,0,1,0,0,2
18,0,0,0,1,0,0,0,1,1,0,0,0,0,0,1,0,0,1,0,1,0,2
19,0,0,0,1,0,0,0,1,1,0,0,0,0,0,1,0,0,1,0,0,1,2
20,0,0,0,1,0,0,0,1,1,0,0,0,0,0,1,0,0,1,1,0,0,2
21,0,0,0,1,0,0,0,1,1,0,0,0,0,0,1,0,1,0,0,1,0,2
22,0,0,0,1,0,0,0,1,1,0,0,0,0,0,1,0,1,0,0,0,1,2
23,0,0,0,1,0,0,0,1,1,0,0,0,0,0,1,0,1,0,1,0,0,2
24,0,0,0,1,0,0,0,1,1,0,0,0,0,0,1,1,0,0,0,1,0,2
25,0,0,0,1,0,0,0,1,1,0,0,0,0,0,1,1,0,0,0,0,1,2
26,0,0,0,1,0,0,0,1,1,0,0,0,0,0,1,1,0,0,1,0,0,2
27,0,0,0,1,0,0,0,1,0,1,0,0,1,0,0,0,0,1,0,1,0,2
28,0,0,0,1,0,0,0,1,0,1,0,0,1,0,0,0,0,1,0,0,1,2
29,0,0,0,1,0,0,0,1,0,1,0,0,1,0,0,0,0,1,1,0,0,2
30,0,0,0,1,0,0,0,1,0,1,0,0,1,0,0,0,1,0,0,1,0,2
31,0,0,0,1,0,0,0,1,0,1,0,0,1,0,0,0,1,0,0,0,1,2
32,0,0,0,1,0,0,0,1,0,1,0,0,1,0,0,0,1,0,1,0,0,2
33,0,0,0,1,0,0,0,1,0,1,0,0,1,0,0,1,0,0,0,1,0,2
34,0,0,0,1,0,0,0,1,0,1,0,0,1,0,0,1,0,0,0,0,1,2
35,0,0,0,1,0,0,0,1,0,1,0,0,1,0,0,1,0,0,1,0,0,2
36,0,0,0,1,0,0,0,1,0,1,0,0,0,1,0,0,0,1,0,1,0,2
37,0,0,0,1,0,0,0,1,0,1,0,0,0,1,0,0,0,1,0,0,1,2
38,0,0,0,1,0,0,0,1,0,1,0,0,0,1,0,0,0,1,1,0,0,2
39,0,0,0,1,0,0,0,1,0,1,0,0,0,1,0,0,1,0,0,1,0,2
40,0,0,0,1,0,0,0,1,0,1,0,0,0,1,0,0,1,0,0,0,1,2
41,0,0,0,1,0,0,0,1,0,1,0,0,0,1,0,0,1,0,1,0,0,2
42,0,0,0,1,0,0,0,1,0,1,0,0,0,1,0,1,0,0,0,1,0,2
43,0,0,0,1,0,0,0,1,0,1,0,0,0,1,0,1,0,0,0,0,1,2
44,0,0,0,1,0,0,0,1,0,1,0,0,0,1,0,1,0,0,1,0,0,2
45,0,0,0,1,0,0,0,1,0,1,0,0,0,0,1,0,0,1,0,1,0,2
46,0,0,0,1,0,0,0,1,0,1,0,0,0,0,1,0,0,1,0,0,1,2
47,0,0,0,1,0,0,0,1,0,1,0,0,0,0,1,0,0,1,1,0,0,2
48,0,0,0,1,0,0,0,1,0,1,0,0,0,0,1,0,1,0,0,1,0,2
49,0,0,0,1,0,0,0,1,0,1,0,0,0,0,1,0,1,0,0,0,1,2
50,0,0,0,1,0,0,0,1,0,1,0,0,0,0,1,0,1,0,1,0,0,2
51,0,0,0,1,0,0,0,1,0,1,0,0,0,0,1,1,0,0,0,1,0,2
52,0,0,0,1,0,0,0,1,0,1,0,0,0,0,1,1,0,0,0,0,1,2
53,0,0,0,1,0,0,0,1,0,1,0,0,0,0,1,1,0,0,1,0,0,2
54,0,0,0,1,0,0,0,1,0,0,1,0,1,0,0,0,0,1,0,1,0,2
55,0,0,0,1,0,0,0,1,0,0,1,0,1,0,0,0,0,1,0,0,1,2
56,0,0,0,1,0,0,0,1,0,0,1,0,1,0,0,0,0,1,1,0,0,2
57,0,0,0,1,0,0,0,1,0,0,1,0,1,0,0,0,1,0,0,1,0,2
58,0,0,0,1,0,0,0,1,0,0,1,0,1,0,0,0,1,0,0,0,1,2
59,0,0,0,1,0,0,0,1,0,0,1,0,1,0,0,0,1,0,1,0,0,2
60,0,0,0,1,0,0,0,1,0,0,1,0,1,0,0,1,0,0,0,1,0,2
61,0,0,0,1,0,0,0,1,0,0,1,0,1,0,0,1,0,0,0,0,1,2
62,0,0,0,1,0,0,0,1,0,0,1,0,1,0,0,1,0,0,1,0,0,2
63,0,0,0,1,0,0,0,1,0,0,1,0,0,1,0,0,0,1,0,1,0,2
64,0,0,0,1,0,0,0,1,0,0,1,0,0,1,0,0,0,1,0,0,1,2
65,0,0,0,1,0,0,0,1,0,0,1,0,0,1,0,0,0,1,1,0,0,2
66,0,0,0,1,0,0,0,1,0,0,1,0,0,1,0,0,1,0,0,1,0,2
67,0,0,0,1,0,0,0,1,0,0,1,0,0,1,0,0,1,0,0,0,1,2
68,0,0,0,1,0,0,0,1,0,0,1,0,0,1,0,0,1,0,1,0,0,2
69,0,0,0,1,0,0,0,1,0,0,1,0,0,1,0,1,0,0,0,1,0,2
70,0,0,0,1,0,0,0,1,0,0,1,0,0,1,0,1,0,0,0,0,1,2
71,0,0,0,1,0,0,0,1,0,0,1,0,0,1,0,1,0,0,1,0,0,2
72,0,0,0,1,0,0,0,1,0,0,1,0,0,0,1,0,0,1,0,1,0,2
73,0,0,0,1,0,0,0,1,0,0,1,0,0,0,1,0,0,1,0,0,1,2
74,0,0,0,1,0,0,0,1,0,0,1,0,0,0,1,0,0,1,1,0,0,2
75,0,0,0,1,0,0,0,1,0,0,1,0,0,0,1,0,1,0,0,1,0,2
76,0,0,0,1,0,0,0,1,0,0,1,0,0,0,1,0,1,0,0,0,1,2
77,0,0,0,1,0,0,0,1,0,0,1,0,0,0,1,0,1,0,1,0,0,2
78,0,0,0,1,0,0,0,1,0,0,1,0,0,0,1,1,0,0,0,1,0,2
79,0,0,0,1,0,0,0,1,0,0,1,0,0,0,1,1,0,0,0,0,1,2
80,0,0,0,1,0,0,0,1,0,0,1,0,0,0,1,1,0,0,1,0,0,2
81,0,0,0,1,0,0,0,1,0,0,0,1,1,0,0,0,0,1,0,1,0,2
82,0,0,0,1,0,0,0,1,0,0,0,1,1,0,0,0,0,1,0,0,1,2
83,0,0,0,1,0,0,0,1,0,0,0,1,1,0,0,0,0,1,1,0,0,2
84,0,0,0,1,0,0,0,1,0,0,0,1,1,0,0,0,1,0,0,1,0,2
85,0,0,0,1,0,0,0,1,0,0,0,1,1,0,0,0,1,0,0,0,1,2
86,0,0,0,1,0,0,0,1,0,0,0,1,1,0,0,0,1,0,1,0,0,2
87,0,0,0,1,0,0,0,1,0,0,0,1,1,0,0,1,0,0,0,1,0,2
88,0,0,0,1,0,0,0,1,0,0,0,1,1,0,0,1,0,0,0,0,1,2
89,0,0,0,1,0,0,0,1,0,0,0,1,1,0,0,1,0,0,1,0,0,2
90,0,0,0,1,0,0,0,1,0,0,0,1,0,1,0,0,0,1,0,1,0,2
91,0,0,0,1,0,0,0,1,0,0,0,1,0,1,0,0,0,1,0,0,1,2
92,0,0,0,1,0,0,0,1,0,0,0,1,0,1,0,0,0,1,1,0,0,2
93,0,0,0,1,0,0,0,1,0,0,0,1,0,1,0,0,1,0,0,1,0,2
94,0,0,0,1,0,0,0,1,0,0,0,1,0,1,0,0,1,0,0,0,1,2
95,0,0,0,1,0,0,0,1,0,0,0,1,0,1,0,0,1,0,1,0,0,2
96,0,0,0,1,0,0,0,1,0,0,0,1,0,1,0,1,0,0,0,1,0,2
97,0,0,0,1,0,0,0,1,0,0,0,1,0,1,0,1,0,0,0,0,1,2
98,0,0,0,1,0,0,0,1,0,0,0,1,0,1,0,1,0,0,1,0,0,2
99,0,0,0,1,0,0,0,1,0,0,0,1,0,0,1,0,0,1,0,1,0,2
100,0,0,0,1,0,0,0,1,0,0,0,1,0,0,1,0,0,1,0,0,1,2
101,0,0,0,1,0,0,0,1,0,0,0,1,0,0,1,0,0,1,1,0,0,2
102,0,0,0,1,0,0,0,1,0,0,0,1,0,0,1,0,1,0,0,1,0,2
103,0,0,0,1,0,0,0,1,0,0,0,1,0,0,1,0,1,0,0,0,1,2
104,0,0,0,1,0,0,0,1,0,0,0,1,0,0,1,0,1,0,1,0,0,2
105,0,0,0,1,0,0,0,1,0,0,0,1,0,0,1,1,0,0,0,1,0,2
106,0,0,0,1,0,0,0,1,0,0,0,1,0,0,1,1,0,0,0,0,1,2
107,0,0,0,1,0,0,0,1,0,0,0,1,0,0,1,1,0,0,1,0,0,2
108,0,0,0,1,1,0,0,0,1,0,0,0,1,0,0,0,0,1,0,1,0,2
109,0,0,0,1,1,0,0,0,1,0,0,0,1,0,0,0,0,1,0,0,1,2
110,0,0,0,1,1,0,0,0,1,0,0,0,1,0,0,0,0,1,1,0,0,2
111,0,0,0,1,1,0,0,0,1,0,0,0,1,0,0,0,1,0,0,1,0,2
112,0,0,0,1,1,0,0,0,1,0,0,0,1,0,0,0,1,0,0,0,1,2
113,0,0,0,1,1,0,0,0,1,0,0,0,1,0,0,0,1,0,1,0,0,2
114,0,0,0,1,1,0,0,0,1,0,0,0,1,0,0,1,0,0,0,1,0,2
115,0,0,0,1,1,0,0,0,1,0,0,0,1,0,0,1,0,0,0,0,1,2
116,0,0,0,1,1,0,0,0,1,0,0,0,1,0,0,1,0,0,1,0,0,2
117,0,0,0,1,1,0,0,0,1,0,0,0,0,1,0,0,0,1,0,1,0,2
118,0,0,0,1,1,0,0,0,1,0,0,0,0,1,0,0,0,1,0,0,1,2
119,0,0,0,1,1,0,0,0,1,0,0,0,0,1,0,0,0,1,1,0,0,2
120,0,0,0,1,1,0,0,0,1,0,0,0,0,1,0,0,1,0,0,1,0,2
121,0,0,0,1,1,0,0,0,1,0,0,0,0,1,0,0,1,0,0,0,1,2
122,0,0,0,1,1,0,0,0,1,0,0,0,0,1,0,0,1,0,1,0,0,2
123,0,0,0,1,1,0,0,0,1,0,0,0,0,1,0,1,0,0,0,1,0,2
124,0,0,0,1,1,0,0,0,1,0,0,0,0,1,0,1,0,0,0,0,1,2
125,0,0,0,1,1,0,0,0,1,0,0,0,0,1,0,1,0,0,1,0,0,2
126,0,0,0,1,1,0,0,0,1,0,0,0,0,0,1,0,0,1,0,1,0,2
127,0,0,0,1,1,0,0,0,1,0,0,0,0,0,1,0,0,1,0,0,1,2
128,0,0,0,1,1,0,0,0,1,0,0,0,0,0,1,0,0,1,1,0,0,2
129,0,0,0,1,1,0,0,0,1,0,0,0,0,0,1,0,1,0,0,1,0,2
130,0,0,0,1,1,0,0,0,1,0,0,0,0,0,1,0,1,0,0,0,1,2
131,0,0,0,1,1,0,0,0,1,0,0,0,0,0,1,0,1,0,1,0,0,2
132,0,0,0,1,1,0,0,0,1,0,0,0,0,0,1,1,0,0,0,1,0,2
133,0,0,0,1,1,0,0,0,1,0,0,0,0,0,1,1,0,0,0,0,1,2
134,0,0,0,1,1,0,0,0,1,0,0,0,0,0,1,1,0,0,1,0,0,2
135,0,0,0,1,1,0,0,0,0,1,0,0,1,0,0,0,0,1,0,1,0,2
136,0,0,0,1,1,0,0,0,0,1,0,0,1,0,0,0,0,1,0,0,1,2
137,0,0,0,1,1,0,0,0,0,1,0,0,1,0,0,0,0,1,1,0,0,2
138,0,0,0,1,1,0,0,0,0,1,0,0,1,0,0,0,1,0,0,1,0,2
139,0,0,0,1,1,0,0,0,0,1,0,0,1,0,0,0,1,0,0,0,1,2
140,0,0,0,1,1,0,0,0,0,1,0,0,1,0,0,0,1,0,1,0,0,2
141,0,0,0,1,1,0,0,0,0,1,0,0,1,0,0,1,0,0,0,1,0,2
142,0,0,0,1,1,0,0,0,0,1,0,0,1,0,0,1,0,0,0,0,1,2
143,0,0,0,1,1,0,0,0,0,1,0,0,1,0,0,1,0,0,1,0,0,2
144,0,0,0,1,1,0,0,0,0,1,0,0,0,1,0,0,0,1,0,1,0,2
145,0,0,0,1,1,0,0,0,0,1,0,0,0,1,0,0,0,1,0,0,1,2
146,0,0,0,1,1,0,0,0,0,1,0,0,0,1,0,0,0,1,1,0,0,2
147,0,0,0,1,1,0,0,0,0,1,0,0,0,1,0,0,1,0,0,1,0,2
148,0,0,0,1,1,0,0,0,0,1,0,0,0,1,0,0,1,0,0,0,1,2
149,0,0,0,1,1,0,0,0,0,1,0,0,0,1,0,0,1,0,1,0,0,2
150,0,0,0,1,1,0,0,0,0,1,0,0,0,1,0,1,0,0,0,1,0,2
151,0,0,0,1,1,0,0,0,0,1,0,0,0,1,0,1,0,0,0,0,1,2
152,0,0,0,1,1,0,0,0,0,1,0,0,0,1,0,1,0,0,1,0,0,2
153,0,0,0,1,1,0,0,0,0,1,0,0,0,0,1,0,0,1,0,1,0,2
154,0,0,0,1,1,0,0,0,0,1,0,0,0,0,1,0,0,1,0,0,1,2
155,0,0,0,1,1,0,0,0,0,1,0,0,0,0,1,0,0,1,1,0,0,2
156,0,0,0,1,1,0,0,0,0,1,0,0,0,0,1,0,1,0,0,1,0,2
157,0,0,0,1,1,0,0,0,0,1,0,0,0,0,1,0,1,0,0,0,1,2
158,0,0,0,1,1,0,0,0,0,1,0,0,0,0,1,0,1,0,1,0,0,2
159,0,0,0,1,1,0,0,0,0,1,0,0,0,0,1,1,0,0,0,1,0,2
160,0,0,0,1,1,0,0,0,0,1,0,0,0,0,1,1,0,0,0,0,1,2
161,0,0,0,1,1,0,0,0,0,1,0,0,0,0,1,1,0,0,1,0,0,2
162,0,0,0,1,1,0,0,0,0,0,1,0,1,0,0,0,0,1,0,1,0,2
163,0,0,0,1,1,0,0,0,0,0,1,0,1,0,0,0,0,1,0,0,1,2
164,0,0,0,1,1,0,0,0,0,0,1,0,1,0,0,0,0,1,1,0,0,2
165,0,0,0,1,1,0,0,0,0,0,1,0,1,0,0,0,1,0,0,1,0,2
166,0,0,0,1,1,0,0,0,0,0,1,0,1,0,0,0,1,0,0,0,1,2
167,0,0,0,1,1,0,0,0,0,0,1,0,1,0,0,0,1,0,1,0,0,2
168,0,0,0,1,1,0,0,0,0,0,1,0,1,0,0,1,0,0,0,1,0,2
169,0,0,0,1,1,0,0,0,0,0,1,0,1,0,0,1,0,0,0,0,1,2
170,0,0,0,1,1,0,0,0,0,0,1,0,1,0,0,1,0,0,1,0,0,2
171,0,0,0,1,1,0,0,0,0,0,1,0,0,1,0,0,0,1,0,1,0,2
172,0,0,0,1,1,0,0,0,0,0,1,0,0,1,0,0,0,1,0,0,1,2
173,0,0,0,1,1,0,0,0,0,0,1,0,0,1,0,0,0,1,1,0,0,2
174,0,0,0,1,1,0,0,0,0,0,1,0,0,1,0,0,1,0,0,1,0,2
175,0,0,0,1,1,0,0,0,0,0,1,0,0,1,0,0,1,0,0,0,1,2
176,0,0,0,1,1,0,0,0,0,0,1,0,0,1,0,0,1,0,1,0,0,2
177,0,0,0,1,1,0,0,0,0,0,1,0,0,1,0,1,0,0,0,1,0,2
178,0,0,0,1,1,0,0,0,0,0,1,0,0,1,0,1,0,0,0,0,1,2
179,0,0,0,1,1,0,0,0,0,0,1,0,0,1,0,1,0,0,1,0,0,2
180,0,0,0,1,1,0,0,0,0,0,1,0,0,0,1,0,0,1,0,1,0,2
181,0,0,0,1,1,0,0,0,0,0,1,0,0,0,1,0,0,1,0,0,1,2
182,0,0,0,1,1,0,0,0,0,0,1,0,0,0,1,0,0,1,1,0,0,2
183,0,0,0,1,1,0,0,0,0,0,1,0,0,0,1,0,1,0,0,1,0,2
184,0,0,0,1,1,0,0,0,0,0,1,0,0,0,1,0,1,0,0,0,1,2
185,0,0,0,1,1,0,0,0,0,0,1,0,0,0,1,0,1,0,1,0,0,2
186,0,0,0,1,1,0,0,0,0,0,1,0,0,0,1,1,0,0,0,1,0,2
187,0,0,0,1,1,0,0,0,0,0,1,0,0,0,1,1,0,0,0,0,1,2
188,0,0,0,1,1,0,0,0,0,0,1,0,0,0,1,1,0,0,1,0,0,2
189,0,0,0,1,1,0,0,0,0,0,0,1,1,0,0,0,0,1,0,1,0,2
190,0,0,0,1,1,0,0,0,0,0,0,1,1,0,0,0,0,1,0,0,1,2
191,0,0,0,1,1,0,0,0,0,0,0,1,1,0,0,0,0,1,1,0,0,2
192,0,0,0,1,1,0,0,0,0,0,0,1,1,0,0,0,1,0,0,1,0,2
193,0,0,0,1,1,0,0,0,0,0,0,1,1,0,0,0,1,0,0,0,1,2
194,0,0,0,1,1,0,0,0,0,0,0,1,1,0,0,0,1,0,1,0,0,2
195,0,0,0,1,1,0,0,0,0,0,0,1,1,0,0,1,0,0,0,1,0,2
196,0,0,0,1,1,0,0,0,0,0,0,1,1,0,0,1,0,0,0,0,1,2
197,0,0,0,1,1,0,0,0,0,0,0,1,1,0,0,1,0,0,1,0,0,2
198,0,0,0,1,1,0,0,0,0,0,0,1,0,1,0,0,0,1,0,1,0,2
199,0,0,0,1,1,0,0,0,0,0,0,1,0,1,0,0,0,1,0,0,1,2
200,0,0,0,1,1,0,0,0,0,0,0,1,0,1,0,0,0,1,1,0,0,2
201,0,0,0,1,1,0,0,0,0,0,0,1,0,1,0,0,1,0,0,1,0,2
202,0,0,0,1,1,0,0,0,0,0,0,1,0,1,0,0,1,0,0,0,1,2
203,0,0,0,1,1,0,0,0,0,0,0,1,0,1,0,0,1,0,1,0,0,2
204,0,0,0,1,1,0,0,0,0,0,0,1,0,1,0,1,0,0,0,1,0,2
205,0,0,0,1,1,0,0,0,0,0,0,1,0,1,0,1,0,0,0,0,1,2
206,0,0,0,1,1,0,0,0,0,0,0,1,0,1,0,1,0,0,1,0,0,2
207,0,0,0,1,1,0,0,0,0,0,0,1,0,0,1,0,0,1,0,1,0,2
208,0,0,0,1,1,0,0,0,0,0,0,1,0,0,1,0,0,1,0,0,1,2
209,0,0,0,1,1,0,0,0,0,0,0,1,0,0,1,0,0,1,1,0,0,2
210,0,0,0,1,1,0,0,0,0,0,0,1,0,0,1,0,1,0,0,1,0,2
211,0,0,0,1,1,0,0,0,0,0,0,1,0,0,1,0,1,0,0,0,1,2
212,0,0,0,1,1,0,0,0,0,0,0,1,0,0,1,0,1,0,1,0,0,2
213,0,0,0,1,1,0,0,0,0,0,0,1,0,0,1,1,0,0,0,1,0,2
214,0,0,0,1,1,0,0,0,0,0,0,1,0,0,1,1,0,0,0,0,1,2
215,0,0,0,1,1,0,0,0,0,0,0,1,0,0,1,1,0,0,1,0,0,2
216,0,0,0,1,0,0,1,0,1,0,0,0,1,0,0,0,0,1,0,1,0,2
217,0,0,0,1,0,0,1,0,1,0,0,0,1,0,0,0,0,1,0,0,1,2
218,0,0,0,1,0,0,1,0,1,0,0,0,1,0,0,0,0,1,1,0,0,2
219,0,0,0,1,0,0,1,0,1,0,0,0,1,0,0,0,1,0,0,1,0,2
220,0,0,0,1,0,0,1,0,1,0,0,0,1,0,0,0,1,0,0,0,1,2
221,0,0,0,1,0,0,1,0,1,0,0,0,1,0,0,0,1,0,1,0,0,2
222,0,0,0,1,0,0,1,0,1,0,0,0,1,0,0,1,0,0,0,1,0,2
223,0,0,0,1,0,0,1,0,1,0,0,0,1,0,0,1,0,0,0,0,1,2
224,0,0,0,1,0,0,1,0,1,0,0,0,1,0,0,1,0,0,1,0,0,2
225,0,0,0,1,0,0,1,0,1,0,0,0,0,1,0,0,0,1,0,1,0,2
226,0,0,0,1,0,0,1,0,1,0,0,0,0,1,0,0,0,1,0,0,1,2
227,0,0,0,1,0,0,1,0,1,0,0,0,0,1,0,0,0,1,1,0,0,0
228,0,0,0,1,0,0,1,0,1,0,0,0,0,1,0,0,1,0,0,1,0,2
229,0,0,0,1,0,0,1,0,1,0,0,0,0,1,0,0,1,0,0,0,1,2
230,0,0,0,1,0,0,1,0,1,0,0,0,0,1,0,0,1,0,1,0,0,0
231,0,0,0,1,0,0,1,0,1,0,0,0,0,1,0,1,0,0,0,1,0,2
232,0,0,0,1,0,0,1,0,1,0,0,0,0,1,0,1,0,0,0,0,1,0
233,0,0,0,1,0,0,1,0,1,0,0,0,0,1,0,1,0,0,1,0,0,0
234,0,0,0,1,0,0,1,0,1,0,0,0,0,0,1,0,0,1,0,1,0,2
235,0,0,0,1,0,0,1,0,1,0,0,0,0,0,1,0,0,1,0,0,1,2
236,0,0,0,1,0,0,1,0,1,0,0,0,0,0,1,0,0,1,1,0,0,2
237,0,0,0,1,0,0,1,0,1,0,0,0,0,0,1,0,1,0,0,1,0,2
238,0,0,0,1,0,0,1,0,1,0,0,0,0,0,1,0,1,0,0,0,1,2
239,0,0,0,1,0,0,1,0,1,0,0,0,0,0,1,0,1,0,1,0,0,0
240,0,0,0,1,0,0,1,0,1,0,0,0,0,0,1,1,0,0,0,1,0,2
241,0,0,0,1,0,0,1,0,1,0,0,0,0,0,1,1,0,0,0,0,1,0
242,0,0,0,1,0,0,1,0,1,0,0,0,0,0,1,1,0,0,1,0,0,0
243,0,0,0,1,0,0,1,0,0,1,0,0,1,0,0,0,0,1,0,1,0,2
244,0,0,0,1,0,0,1,0,0,1,0,0,1,0,0,0,0,1,0,0,1,2
245,0,0,0,1,0,0,1,0,0,1,0,0,1,0,0,0,0,1,1,0,0,2
246,0,0,0,1,0,0,1,0,0,1,0,0,1,0,0,0,1,0,0,1,0,2
247,0,0,0,1,0,0,1,0,0,1,0,0,1,0,0,0,1,0,0,0,1,2
248,0,0,0,1,0,0,1,0,0,1,0,0,1,0,0,0,1,0,1,0,0,2
249,0,0,0,1,0,0,1,0,0,1,0,0,1,0,0,1,0,0,0,1,0,2
250,0,0,0,1,0,0,1,0,0,1,0,0,1,0,0,1,0,0,0,0,1,2
251,0,0,0,1,0,0,1,0,0,1,0,0,1,0,0,1,0,0,1,0,0,2
252,0,0,0,1,0,0,1,0,0,1,0,0,0,1,0,0,0,1,0,1,0,2
253,0,0,0,1,0,0,1,0,0,1,0,0,0,1,0,0,0,1,0,0,1,2
254,0,0,0,1,0,0,1,0,0,1,0,0,0,1,0,0,0,1,1,0,0,0
255,0,0,0,1,0,0,1,0,0,1,0,0,0,1,0,0,1,0,0,1,0,2
256,0,0,0,1,0,0,1,0,0,1,0,0,0,1,0,0,1,0,0,0,1,2
257,0,0,0,1,0,0,1,0,0,1,0,0,0,1,0,0,1,0,1,0,0,0
258,0,0,0,1,0,0,1,0,0,1,0,0,0,1,0,1,0,0,0,1,0,2
259,0,0,0,1,0,0,1,0,0,1,0,0,0,1,0,1,0,0,0,0,1,0
260,0,0,0,1,0,0,1,0,0,1,0,0,0,1,0,1,0,0,1,0,0,0
261,0,0,0,1,0,0,1,0,0,1,0,0,0,0,1,0,0,1,0,1,0,2
262,0,0,0,1,0,0,1,0,0,1,0,0,0,0,1,0,0,1,0,0,1,2
263,0,0,0,1,0,0,1,0,0,1,0,0,0,0,1,0,0,1,1,0,0,0
264,0,0,0,1,0,0,1,0,0,1,0,0,0,0,1,0,1,0,0,1,0,2
265,0,0,0,1,0,0,1,0,0,1,0,0,0,0,1,0,1,0,0,0,1,0
266,0,0,0,1,0,0,1,0,0,1,0,0,0,0,1,0,1,0,1,0,0,0
267,0,0,0,1,0,0,1,0,0,1,0,0,0,0,1,1,0,0,0,1,0,2
268,0,0,0,1,0,0,1,0,0,1,0,0,0,0,1,1,0,0,0,0,1,0
269,0,0,0,1,0,0,1,0,0,1,0,0,0,0,1,1,0,0,1,0,0,0
270,0,0,0,1,0,0,1,0,0,0,1,0,1,0,0,0,0,1,0,1,0,2
271,0,0,0,1,0,0,1,0,0,0,1,0,1,0,0,0,0,1,0,0,1,2
272,0,0,0,1,0,0,1,0,0,0,1,0,1,0,0,0,0,1,1,0,0,2
273,0,0,0,1,0,0,1,0,0,0,1,0,1,0,0,0,1,0,0,1,0,2
274,0,0,0,1,0,0,1,0,0,0,1,0,1,0,0,0,1,0,0,0,1,2
275,0,0,0,1,0,0,1,0,0,0,1,0,1,0,0,0,1,0,1,0,0,2
276,0,0,0,1,0,0,1,0,0,0,1,0,1,0,0,1,0,0,0,1,0,2
277,0,0,0,1,0,0,1,0,0,0,1,0,1,0,0,1,0,0,0,0,1,2
278,0,0,0,1,0,0,1,0,0,0,1,0,1,0,0,1,0,0,1,0,0,2
279,0,0,0,1,0,0,1,0,0,0,1,0,0,1,0,0,0,1,0,1,0,2
280,0,0,0,1,0,0,1,0,0,0,1,0,0,1,0,0,0,1,0,0,1,2
281,0,0,0,1,0,0,1,0,0,0,1,0,0,1,0,0,0,1,1,0,0,0
282,0,0,0,1,0,0,1,0,0,0,1,0,0,1,0,0,1,0,0,1,0,2
283,0,0,0,1,0,0,1,0,0,0,1,0,0,1,0,0,1,0,0,0,1,0
284,0,0,0,1,0,0,1,0,0,0,1,0,0,1,0,0,1,0,1,0,0,0
285,0,0,0,1,0,0,1,0,0,0,1,0,0,1,0,1,0,0,0,1,0,2
286,0,0,0,1,0,0,1,0,0,0,1,0,0,1,0,1,0,0,0,0,1,0
287,0,0,0,1,0,0,1,0,0,0,1,0,0,1,0,1,0,0,1,0,0,0
288,0,0,0,1,0,0,1,0,0,0,1,0,0,0,1,0,0,1,0,1,0,2
289,0,0,0,1,0,0,1,0,0,0,1,0,0,0,1,0,0,1,0,0,1,2
290,0,0,0,1,0,0,1,0,0,0,1,0,0,0,1,0,0,1,1,0,0,0
291,0,0,0,1,0,0,1,0,0,0,1,0,0,0,1,0,1,0,0,1,0,2
292,0,0,0,1,0,0,1,0,0,0,1,0,0,0,1,0,1,0,0,0,1,0
293,0,0,0,1,0,0,1,0,0,0,1,0,0,0,1,0,1,0,1,0,0,0
294,0,0,0,1,0,0,1,0,0,0,1,0,0,0,1,1,0,0,0,1,0,2
295,0,0,0,1,0,0,1,0,0,0,1,0,0,0,1,1,0,0,0,0,1,0
296,0,0,0,1,0,0,1,0,0,0,1,0,0,0,1,1,0,0,1,0,0,0
297,0,0,0,1,0,0,1,0,0,0,0,1,1,0,0,0,0,1,0,1,0,2
298,0,0,0,1,0,0,1,0,0,0,0,1,1,0,0,0,0,1,0,0,1,2
299,0,0,0,1,0,0,1,0,0,0,0,1,1,0,0,0,0,1,1,0,0,2
300,0,0,0,1,0,0,1,0,0,0,0,1,1,0,0,0,1,0,0,1,0,2
301,0,0,0,1,0,0,1,0,0,0,0,1,1,0,0,0,1,0,0,0,1,2
302,0,0,0,1,0,0,1,0,0,0,0,1,1,0,0,0,1,0,1,0,0,2
303,0,0,0,1,0,0,1,0,0,0,0,1,1,0,0,1,0,0,0,1,0,2
304,0,0,0,1,0,0,1,0,0,0,0,1,1,0,0,1,0,0,0,0,1,2
305,0,0,0,1,0,0,1,0,0,0,0,1,1,0,0,1,0,0,1,0,0,2
306,0,0,0,1,0,0,1,0,0,0,0,1,0,1,0,0,0,1,0,1,0,2
307,0,0,0,1,0,0,1,0,0,0,0,1,0,1,0,0,0,1,0,0,1,2
308,0,0,0,1,0,0,1,0,0,0,0,1,0,1,0,0,0,1,1,0,0,0
309,0,0,0,1,0,0,1,0,0,0,0,1,0,1,0,0,1,0,0,1,0,2
310,0,0,0,1,0,0,1,0,0,0,0,1,0,1,0,0,1,0,0,0,1,0
311,0,0,0,1,0,0,1,0,0,0,0,1,0,1,0,0,1,0,1,0,0,0
312,0,0,0,1,0,0,1,0,0,0,0,1,0,1,0,1,0,0,0,1,0,2
313,0,0,0,1,0,0,1,0,0,0,0,1,0,1,0,1,0,0,0,0,1,0
314,0,0,0,1,0,0,1,0,0,0,0,1,0,1,0,1,0,0,1,0,0,0
315,0,0,0,1,0,0,1,0,0,0,0,1,0,0,1,0,0,1,0,1,0,2
316,0,0,0,1,0,0,1,0,0,0,0,1,0,0,1,0,0,1,0,0,1,2
317,0,0,0,1,0,0,1,0,0,0,0,1,0,0,1,0,0,1,1,0,0,0
318,0,0,0,1,0,0,1,0,0,0,0,1,0,0,1,0,1,0,0,1,0,2
319,0,0,0,1,0,0,1,0,0,0,0,1,0,0,1,0,1,0,0,0,1,0
320,0,0,0,1,0,0,1,0,0,0,0,1,0,0,1,0,1,0,1,0,0,0
321,0,0,0,1,0,0,1,0,0,0,0,1,0,0,1,1,0,0,0,1,0,2
322,0,0,0,1,0,0,1,0,0,0,0,1,0,0,1,1,0,0,0,0,1,0
323,0,0,0,1,0,0,1,0,0,0,0,1,0,0,1,1,0,0,1,0,0,0
324,0,0,0,1,0,1,0,0,1,0,0,0,1,0,0,0,0,1,0,1,0,2
325,0,0,0,1,0,1,0,0,1,0,0,0,1,0,0,0,0,1,0,0,1,2
326,0,0,0,1,0,1,0,0,1,0,0,0,1,0,0,0,0,1,1,0,0,2
327,0,0,0,1,0,1,0,0,1,0,0,0,1,0,0,0,1,0,0,1,0,2
328,0,0,0,1,0,1,0,0,1,0,0,0,1,0,0,0,1,0,0,0,1,2
329,0,0,0,1,0,1,0,0,1,0,0,0,1,0,0,0,1,0,1,0,0,2
330,0,0,0,1,0,1,0,0,1,0,0,0,1,0,0,1,0,0,0,1,0,2
331,0,0,0,1,0,1,0,0,1,0,0,0,1,0,0,1,0,0,0,0,1,2
332,0,0,0,1,0,1,0,0,1,0,0,0,1,0,0,1,0,0,1,0,0,2
333,0,0,0,1,0,1,0,0,1,0,0,0,0,1,0,0,0,1,0,1,0,2
334,0,0,0,1,0,1,0,0,1,0,0,0,0,1,0,0,0,1,0,0,1,2
335,0,0,0,1,0,1,0,0,1,0,0,0,0,1,0,0,0,1,1,0,0,0
336,0,0,0,1,0,1,0,0,1,0,0,0,0,1,0,0,1,0,0,1,0,2
337,0,0,0,1,0,1,0,0,1,0,0,0,0,1,0,0,1,0,0,0,1,2
338,0,0,0,1,0,1,0,0,1,0,0,0,0,1,0,0,1,0,1,0,0,0
339,0,0,0,1,0,1,0,0,1,0,0,0,0,1,0,1,0,0,0,1,0,2
340,0,0,0,1,0,1,0,0,1,0,0,0,0,1,0,1,0,0,0,0,1,0
341,0,0,0,1,0,1,0,0,1,0,0,0,0,1,0,1,0,0,1,0,0,0
342,0,0,0,1,0,1,0,0,1,0,0,0,0,0,1,0,0,1,0,1,0,2
343,0,0,0,1,0,1,0,0,1,0,0,0,0,0,1,0,0,1,0,0,1,2
344,0,0,0,1,0,1,0,0,1,0,0,0,0,0,1,0,0,1,1,0,0,2
345,0,0,0,1,0,1,0,0,1,0,0,0,0,0,1,0,1,0,0,1,0,2
346,0,0,0,1,0,1,0,0,1,0,0,0,0,0,1,0,1,0,0,0,1,2
347,0,0,0,1,0,1,0,0,1,0,0,0,0,0,1,0,1,0,1,0,0,0
348,0,0,0,1,0,1,0,0,1,0,0,0,0,0,1,1,0,0,0,1,0,2
349,0,0,0,1,0,1,0,0,1,0,0,0,0,0,1,1,0,0,0,0,1,0
350,0,0,0,1,0,1,0,0,1,0,0,0,0,0,1,1,0,0,1,0,0,0
351,0,0,0,1,0,1,0,0,0,1,0,0,1,0,0,0,0,1,0,1,0,2
352,0,0,0,1,0,1,0,0,0,1,0,0,1,0,0,0,0,1,0,0,1,2
353,0,0,0,1,0,1,0,0,0,1,0,0,1,0,0,0,0,1,1,0,0,2
354,0,0,0,1,0,1,0,0,0,1,0,0,1,0,0,0,1,0,0,1,0,2
355,0,0,0,1,0,1,0,0,0,1,0,0,1,0,0,0,1,0,0,0,1,2
356,0,0,0,1,0,1,0,0,0,1,0,0,1,0,0,0,1,0,1,0,0,2
357,0,0,0,1,0,1,0,0,0,1,0,0,1,0,0,1,0,0,0,1,0,2
358,0,0,0,1,0,1,0,0,0,1,0,0,1,0,0,1,0,0,0,0,1,2
359,0,0,0,1,0,1,0,0,0,1,0,0,1,0,0,1,0,0,1,0,0,2
360,0,0,0,1,0,1,0,0,0,1,0,0,0,1,0,0,0,1,0,1,0,2
361,0,0,0,1,0,1,0,0,0,1,0,0,0,1,0,0,0,1,0,0,1,2
362,0,0,0,1,0,1,0,0,0,1,0,0,0,1,0,0,0,1,1,0,0,0
363,0,0,0,1,0,1,0,0,0,1,0,0,0,1,0,0,1,0,0,1,0,2
364,0,0,0,1,0,1,0,0,0,1,0,0,0,1,0,0,1,0,0,0,1,2
365,0,0,0,1,0,1,0,0,0,1,0,0,0,1,0,0,1,0,1,0,0,0
366,0,0,0,1,0,1,0,0,0,1,0,0,0,1,0,1,0,0,0,1,0,2
367,0,0,0,1,0,1,0,0,0,1,0,0,0,1,0,1,0,0,0,0,1,0
368,0,0,0,1,0,1,0,0,0,1,0,0,0,1,0,1,0,0,1,0,0,0
369,0,0,0,1,0,1,0,0,0,1,0,0,0,0,1,0,0,1,0,1,0,2
370,0,0,0,1,0,1,0,0,0,1,0,0,0,0,1,0,0,1,0,0,1,2
371,0,0,0,1,0,1,0,0,0,1,0,0,0,0,1,0,0,1,1,0,0,0
372,0,0,0,1,0,1,0,0,0,1,0,0,0,0,1,0,1,0,0,1,0,2
373,0,0,0,1,0,1,0,0,0,1,0,0,0,0,1,0,1,0,0,0,1,0
374,0,0,0,1,0,1,0,0,0,1,0,0,0,0,1,0,1,0,1,0,0,0
375,0,0,0,1,0,1,0,0,0,1,0,0,0,0,1,1,0,0,0,1,0,2
376,0,0,0,1,0,1,0,0,0,1,0,0,0,0,1,1,0,0,0,0,1,0
377,0,0,0,1,0,1,0,0,0,1,0,0,0,0,1,1,0,0,1,0,0,0
378,0,0,0,1,0,1,0,0,0,0,1,0,1,0,0,0,0,1,0,1,0,2
379,0,0,0,1,0,1,0,0,0,0,1,0,1,0,0,0,0,1,0,0,1,2
380,0,0,0,1,0,1,0,0,0,0,1,0,1,0,0,0,0,1,1,0,0,2
381,0,0,0,1,0,1,0,0,0,0,1,0,1,0,0,0,1,0,0,1,0,2
382,0,0,0,1,0,1,0,0,0,0,1,0,1,0,0,0,1,0,0,0,1,2
383,0,0,0,1,0,1,0,0,0,0,1,0,1,0,0,0,1,0,1,0,0,2
384,0,0,0,1,0,1,0,0,0,0,1,0,1,0,0,1,0,0,0,1,0,2
385,0,0,0,1,0,1,0,0,0,0,1,0,1,0,0,1,0,0,0,0,1,2
386,0,0,0,1,0,1,0,0,0,0,1,0,1,0,0,1,0,0,1,0,0,2
387,0,0,0,1,0,1,0,0,0,0,1,0,0,1,0,0,0,1,0,1,0,2
388,0,0,0,1,0,1,0,0,0,0,1,0,0,1,0,0,0,1,0,0,1,2
389,0,0,0,1,0,1,0,0,0,0,1,0,0,1,0,0,0,1,1,0,0,0
390,0,0,0,1,0,1,0,0,0,0,1,0,0,1,0,0,1,0,0,1,0,2
391,0,0,0,1,0,1,0,0,0,0,1,0,0,1,0,0,1,0,0,0,1,0
392,0,0,0,1,0,1,0,0,0,0,1,0,0,1,0,0,1,0,1,0,0,0
393,0,0,0,1,0,1,0,0,0,0,1,0,0,1,0,1,0,0,0,1,0,2
394,0,0,0,1,0,1,0,0,0,0,1,0,0,1,0,1,0,0,0,0,1,0
395,0,0,0,1,0,1,0,0,0,0,1,0,0,1,0,1,0,0,1,0,0,0
396,0,0,0,1,0,1,0,0,0,0,1,0,0,0,1,0,0,1,0,1,0,2
397,0,0,0,1,0,1,0,0,0,0,1,0,0,0,1,0,0,1,0,0,1,2
398,0,0,0,1,0,1,0,0,0,0,1,0,0,0,1,0,0,1,1,0,0,0
399,0,0,0,1,0,1,0,0,0,0,1,0,0,0,1,0,1,0,0,1,0,2
400,0,0,0,1,0,1,0,0,0,0,1,0,0,0,1,0,1,0,0,0,1,0
401,0,0,0,1,0,1,0,0,0,0,1,0,0,0,1,0,1,0,1,0,0,0
402,0,0,0,1,0,1,0,0,0,0,1,0,0,0,1,1,0,0,0,1,0,2
403,0,0,0,1,0,1,0,0,0,0,1,0,0,0,1,1,0,0,0,0,1,0
404,0,0,0,1,0,1,0,0,0,0,1,0,0,0,1,1,0,0,1,0,0,0
405,0,0,0,1,0,1,0,0,0,0,0,1,1,0,0,0,0,1,0,1,0,2
406,0,0,0,1,0,1,0,0,0,0,0,1,1,0,0,0,0,1,0,0,1,2
407,0,0,0,1,0,1,0,0,0,0,0,1,1,0,0,0,0,1,1,0,0,2
408,0,0,0,1,0,1,0,0,0,0,0,1,1,0,0,0,1,0,0,1,0,2
409,0,0,0,1,0,1,0,0,0,0,0,1,1,0,0,0,1,0,0,0,1,2
410,0,0,0,1,0,1,0,0,0,0,0,1,1,0,0,0,1,0,1,0,0,2
411,0,0,0,1,0,1,0,0,0,0,0,1,1,0,0,1,0,0,0,1,0,2
412,0,0,0,1,0,1,0,0,0,0,0,1,1,0,0,1,0,0,0,0,1,2
413,0,0,0,1,0,1,0,0,0,0,0,1,1,0,0,1,0,0,1,0,0,2
414,0,0,0,1,0,1,0,0,0,0,0,1,0,1,0,0,0,1,0,1,0,2
415,0,0,0,1,0,1,0,0,0,0,0,1,0,1,0,0,0,1,0,0,1,2
416,0,0,0,1,0,1,0,0,0,0,0,1,0,1,0,0,0,1,1,0,0,0
417,0,0,0,1,0,1,0,0,0,0,0,1,0,1,0,0,1,0,0,1,0,2
418,0,0,0,1,0,1,0,0,0,0,0,1,0,1,0,0,1,0,0,0,1,0
419,0,0,0,1,0,1,0,0,0,0,0,1,0,1,0,0,1,0,1,0,0,0
420,0,0,0,1,0,1,0,0,0,0,0,1,0,1,0,1,0,0,0,1,0,2
421,0,0,0,1,0,1,0,0,0,0,0,1,0,1,0,1,0,0,0,0,1,0
422,0,0,0,1,0,1,0,0,0,0,0,1,0,1,0,1,0,0,1,0,0,0
423,0,0,0,1,0,1,0,0,0,0,0,1,0,0,1,0,0,1,0,1,0,2
424,0,0,0,1,0,1,0,0,0,0,0,1,0,0,1,0,0,1,0,0,1,2
425,0,0,0,1,0,1,0,0,0,0,0,1,0,0,1,0,0,1,1,0,0,0
426,0,0,0,1,0,1,0,0,0,0,0,1,0,0,1,0,1,0,0,1,0,2
427,0,0,0,1,0,1,0,0,0,0,0,1,0,0,1,0,1,0,0,0,1,0
428,0,0,0,1,0,1,0,0,0,0,0,1,0,0,1,0,1,0,1,0,0,0
429,0,0,0,1,0,1,0,0,0,0,0,1,0,0,1,1,0,0,0,1,0,2
430,0,0,0,1,0,1,0,0,0,0,0,1,0,0,1,1,0,0,0,0,1,0
431,0,0,0,1,0,1,0,0,0,0,0,1,0,0,1,1,0,0,1,0,0,0
432,1,0,0,0,0,0,0,1,1,0,0,0,1,0,0,0,0,1,0,1,0,2
433,1,0,0,0,0,0,0,1,1,0,0,0,1,0,0,0,0,1,0,0,1,2
434,1,0,0,0,0,0,0,1,1,0,0,0,1,0,0,0,0,1,1,0,0,2
435,1,0,0,0,0,0,0,1,1,0,0,0,1,0,0,0,1,0,0,1,0,2
436,1,0,0,0,0,0,0,1,1,0,0,0,1,0,0,0,1,0,0,0,1,2
437,1,0,0,0,0,0,0,1,1,0,0,0,1,0,0,0,1,0,1,0,0,2
438,1,0,0,0,0,0,0,1,1,0,0,0,1,0,0,1,0,0,0,1,0,2
439,1,0,0,0,0,0,0,1,1,0,0,0,1,0,0,1,0,0,0,0,1,2
440,1,0,0,0,0,0,0,1,1,0,0,0,1,0,0,1,0,0,1,0,0,2
441,1,0,0,0,0,0,0,1,1,0,0,0,0,1,0,0,0,1,0,1,0,2
442,1,0,0,0,0,0,0,1,1,0,0,0,0,1,0,0,0,1,0,0,1,2
443,1,0,0,0,0,0,0,1,1,0,0,0,0,1,0,0,0,1,1,0,0,2
444,1,0,0,0,0,0,0,1,1,0,0,0,0,1,0,0,1,0,0,1,0,2
445,1,0,0,0,0,0,0,1,1,0,0,0,0,1,0,0,1,0,0,0,1,2
446,1,0,0,0,0,0,0,1,1,0,0,0,0,1,0,0,1,0,1,0,0,2
447,1,0,0,0,0,0,0,1,1,0,0,0,0,1,0,1,0,0,0,1,0,2
448,1,0,0,0,0,0,0,1,1,0,0,0,0,1,0,1,0,0,0,0,1,2
449,1,0,0,0,0,0,0,1,1,0,0,0,0,1,0,1,0,0,1,0,0,2
450,1,0,0,0,0,0,0,1,1,0,0,0,0,0,1,0,0,1,0,1,0,2
451,1,0,0,0,0,0,0,1,1,0,0,0,0,0,1,0,0,1,0,0,1,2
452,1,0,0,0,0,0,0,1,1,0,0,0,0,0,1,0,0,1,1,0,0,2
453,1,0,0,0,0,0,0,1,1,0,0,0,0,0,1,0,1,0,0,1,0,2
454,1,0,0,0,0,0,0,1,1,0,0,0,0,0,1,0,1,0,0,0,1,2
455,1,0,0,0,0,0,0,1,1,0,0,0,0,0,1,0,1,0,1,0,0,2
456,1,0,0,0,0,0,0,1,1,0,0,0,0,0,1,1,0,0,0,1,0,2
457,1,0,0,0,0,0,0,1,1,0,0,0,0,0,1,1,0,0,0,0,1,2
458,1,0,0,0,0,0,0,1,1,0,0,0,0,0,1,1,0,0,1,0,0,2
459,1,0,0,0,0,0,0,1,0,1,0,0,1,0,0,0,0,1,0,1,0,2
460,1,0,0,0,0,0,0,1,0,1,0,0,1,0,0,0,0,1,0,0,1,2
461,1,0,0,0,0,0,0,1,0,1,0,0,1,0,0,0,0,1,1,0,0,2
462,1,0,0,0,0,0,0,1,0,1,0,0,1,0,0,0,1,0,0,1,0,2
463,1,0,0,0,0,0,0,1,0,1,0,0,1,0,0,0,1,0,0,0,1,2
464,1,0,0,0,0,0,0,1,0,1,0,0,1,0,0,0,1,0,1,0,0,2
465,1,0,0,0,0,0,0,1,0,1,0,0,1,0,0,1,0,0,0,1,0,2
466,1,0,0,0,0,0,0,1,0,1,0,0,1,0,0,1,0,0,0,0,1,2
467,1,0,0,0,0,0,0,1,0,1,0,0,1,0,0,1,0,0,1,0,0,2
468,1,0,0,0,0,0,0,1,0,1,0,0,0,1,0,0,0,1,0,1,0,2
469,1,0,0,0,0,0,0,1,0,1,0,0,0,1,0,0,0,1,0,0,1,2
470,1,0,0,0,0,0,0,1,0,1,0,0,0,1,0,0,0,1,1,0,0,2
471,1,0,0,0,0,0,0,1,0,1,0,0,0,1,0,0,1,0,0,1,0,2
472,1,0,0,0,0,0,0,1,0,1,0,0,0,1,0,0,1,0,0,0,1,2
473,1,0,0,0,0,0,0,1,0,1,0,0,0,1,0,0,1,0,1,0,0,2
474,1,0,0,0,0,0,0,1,0,1,0,0,0,1,0,1,0,0,0,1,0,2
475,1,0,0,0,0,0,0,1,0,1,0,0,0,1,0,1,0,0,0,0,1,2
476,1,0,0,0,0,0,0,1,0,1,0,0,0,1,0,1,0,0,1,0,0,2
477,1,0,0,0,0,0,0,1,0,1,0,0,0,0,1,0,0,1,0,1,0,2
478,1,0,0,0,0,0,0,1,0,1,0,0,0,0,1,0,0,1,0,0,1,2
479,1,0,0,0,0,0,0,1,0,1,0,0,0,0,1,0,0,1,1,0,0,2
480,1,0,0,0,0,0,0,1,0,1,0,0,0,0,1,0,1,0,0,1,0,2
481,1,0,0,0,0,0,0,1,0,1,0,0,0,0,1,0,1,0,0,0,1,2
482,1,0,0,0,0,0,0,1,0,1,0,0,0,0,1,0,1,0,1,0,0,2
483,1,0,0,0,0,0,0,1,0,1,0,0,0,0,1,1,0,0,0,1,0,2
484,1,0,0,0,0,0,0,1,0,1,0,0,0,0,1,1,0,0,0,0,1,2
485,1,0,0,0,0,0,0,1,0,1,0,0,0,0,1,1,0,0,1,0,0,2
486,1,0,0,0,0,0,0,1,0,0,1,0,1,0,0,0,0,1,0,1,0,2
487,1,0,0,0,0,0,0,1,0,0,1,0,1,0,0,0,0,1,0,0,1,2
488,1,0,0,0,0,0,0,1,0,0,1,0,1,0,0,0,0,1,1,0,0,2
489,1,0,0,0,0,0,0,1,0,0,1,0,1,0,0,0,1,0,0,1,0,2
490,1,0,0,0,0,0,0,1,0,0,1,0,1,0,0,0,1,0,0,0,1,2
491,1,0,0,0,0,0,0,1,0,0,1,0,1,0,0,0,1,0,1,0,0,2
492,1,0,0,0,0,0,0,1,0,0,1,0,1,0,0,1,0,0,0,1,0,2
493,1,0,0,0,0,0,0,1,0,0,1,0,1,0,0,1,0,0,0,0,1,2
494,1,0,0,0,0,0,0,1,0,0,1,0,1,0,0,1,0,0,1,0,0,2
495,1,0,0,0,0,0,0,1,0,0,1,0,0,1,0,0,0,1,0,1,0,2
496,1,0,0,0,0,0,0,1,0,0,1,0,0,1,0,0,0,1,0,0,1,2
497,1,0,0,0,0,0,0,1,0,0,1,0,0,1,0,0,0,1,1,0,0,2
498,1,0,0,0,0,0,0,1,0,0,1,0,0,1,0,0,1,0,0,1,0,2
499,1,0,0,0,0,0,0,1,0,0,1,0,0,1,0,0,1,0,0,0,1,2
500,1,0,0,0,0,0,0,1,0,0,1,0,0,1,0,0,1,0,1,0,0,2
501,1,0,0,0,0,0,0,1,0,0,1,0,0,1,0,1,0,0,0,1,0,2
502,1,0,0,0,0,0,0,1,0,0,1,0,0,1,0,1,0,0,0,0,1,2
503,1,0,0,0,0,0,0,1,0,0,1,0,0,1,0,1,0,0,1,0,0,2
504,1,0,0,0,0,0,0,1,0,0,1,0,0,0,1,0,0,1,0,1,0,2
505,1,0,0,0,0,0,0,1,0,0,1,0,0,0,1,0,0,1,0,0,1,2
506,1,0,0,0,0,0,0,1,0,0,1,0,0,0,1,0,0,1,1,0,0,2
507,1,0,0,0,0,0,0,1,0,0,1,0,0,0,1,0,1,0,0,1,0,2
508,1,0,0,0,0,0,0,1,0,0,1,0,0,0,1,0,1,0,0,0,1,2
509,1,0,0,0,0,0,0,1,0,0,1,0,0,0,1,0,1,0,1,0,0,2
510,1,0,0,0,0,0,0,1,0,0,1,0,0,0,1,1,0,0,0,1,0,2
511,1,0,0,0,0,0,0,1,0,0,1,0,0,0,1,1,0,0,0,0,1,2
512,1,0,0,0,0,0,0,1,0,0,1,0,0,0,1,1,0,0,1,0,0,2
513,1,0,0,0,0,0,0,1,0,0,0,1,1,0,0,0,0,1,0,1,0,2
514,1,0,0,0,0,0,0,1,0,0,0,1,1,0,0,0,0,1,0,0,1,2
515,1,0,0,0,0,0,0,1,0,0,0,1,1,0,0,0,0,1,1,0,0,2
516,1,0,0,0,0,0,0,1,0,0,0,1,1,0,0,0,1,0,0,1,0,2
517,1,0,0,0,0,0,0,1,0,0,0,1,1,0,0,0,1,0,0,0,1,2
518,1,0,0,0,0,0,0,1,0,0,0,1,1,0,0,0,1,0,1,0,0,2
519,1,0,0,0,0,0,0,1,0,0,0,1,1,0,0,1,0,0,0,1,0,2
520,1,0,0,0,0,0,0,1,0,0,0,1,1,0,0,1,0,0,0,0,1,2
521,1,0,0,0,0,0,0,1,0,0,0,1,1,0,0,1,0,0,1,0,0,2
522,1,0,0,0,0,0,0,1,0,0,0,1,0,1,0,0,0,1,0,1,0,2
523,1,0,0,0,0,0,0,1,0,0,0,1,0,1,0,0,0,1,0,0,1,2
524,1,0,0,0,0,0,0,1,0,0,0,1,0,1,0,0,0,1,1,0,0,2
525,1,0,0,0,0,0,0,1,0,0,0,1,0,1,0,0,1,0,0,1,0,2
526,1,0,0,0,0,0,0,1,0,0,0,1,0,1,0,0,1,0,0,0,1,2
527,1,0,0,0,0,0,0,1,0,0,0,1,0,1,0,0,1,0,1,0,0,2
528,1,0,0,0,0,0,0,1,0,0,0,1,0,1,0,1,0,0,0,1,0,2
529,1,0,0,0,0,0,0,1,0,0,0,1,0,1,0,1,0,0,0,0,1,2
530,1,0,0,0,0,0,0,1,0,0,0,1,0,1,0,1,0,0,1,0,0,2
531,1,0,0,0,0,0,0,1,0,0,0,1,0,0,1,0,0,1,0,1,0,2
532,1,0,0,0,0,0,0,1,0,0,0,1,0,0,1,0,0,1,0,0,1,2
533,1,0,0,0,0,0,0,1,0,0,0,1,0,0,1,0,0,1,1,0,0,2
534,1,0,0,0,0,0,0,1,0,0,0,1,0,0,1,0,1,0,0,1,0,2
535,1,0,0,0,0,0,0,1,0,0,0,1,0,0,1,0,1,0,0,0,1,2
536,1,0,0,0,0,0,0,1,0,0,0,1,0,0,1,0,1,0,1,0,0,2
537,1,0,0,0,0,0,0,1,0,0,0,1,0,0,1,1,0,0,0,1,0,2
538,1,0,0,0,0,0,0,1,0,0,0,1,0,0,1,1,0,0,0,0,1,2
539,1,0,0,0,0,0,0,1,0,0,0,1,0,0,1,1,0,0,1,0,0,2
540,1,0,0,0,1,0,0,0,1,0,0,0,1,0,0,0,0,1,0,1,0,2
541,1,0,0,0,1,0,0,0,1,0,0,0,1,0,0,0,0,1,0,0,1,2
542,1,0,0,0,1,0,0,0,1,0,0,0,1,0,0,0,0,1,1,0,0,2
543,1,0,0,0,1,0,0,0,1,0,0,0,1,0,0,0,1,0,0,1,0,2
544,1,0,0,0,1,0,0,0,1,0,0,0,1,0,0,0,1,0,0,0,1,2
545,1,0,0,0,1,0,0,0,1,0,0,0,1,0,0,0,1,0,1,0,0,2
546,1,0,0,0,1,0,0,0,1,0,0,0,1,0,0,1,0,0,0,1,0,2
547,1,0,0,0,1,0,0,0,1,0,0,0,1,0,0,1,0,0,0,0,1,2
548,1,0,0,0,1,0,0,0,1,0,0,0,1,0,0,1,0,0,1,0,0,2
549,1,0,0,0,1,0,0,0,1,0,0,0,0,1,0,0,0,1,0,1,0,2
550,1,0,0,0,1,0,0,0,1,0,0,0,0,1,0,0,0,1,0,0,1,2
551,1,0,0,0,1,0,0,0,1,0,0,0,0,1,0,0,0,1,1,0,0,0
552,1,0,0,0,1,0,0,0,1,0,0,0,0,1,0,0,1,0,0,1,0,2
553,1,0,0,0,1,0,0,0,1,0,0,0,0,1,0,0,1,0,0,0,1,2
554,1,0,0,0,1,0,0,0,1,0,0,0,0,1,0,0,1,0,1,0,0,0
555,1,0,0,0,1,0,0,0,1,0,0,0,0,1,0,1,0,0,0,1,0,2
556,1,0,0,0,1,0,0,0,1,0,0,0,0,1,0,1,0,0,0,0,1,0
557,1,0,0,0,1,0,0,0,1,0,0,0,0,1,0,1,0,0,1,0,0,0
558,1,0,0,0,1,0,0,0,1,0,0,0,0,0,1,0,0,1,0,1,0,2
559,1,0,0,0,1,0,0,0,1,0,0,0,0,0,1,0,0,1,0,0,1,2
560,1,0,0,0,1,0,0,0,1,0,0,0,0,0,1,0,0,1,1,0,0,2
561,1,0,0,0,1,0,0,0,1,0,0,0,0,0,1,0,1,0,0,1,0,2
562,1,0,0,0,1,0,0,0,1,0,0,0,0,0,1,0,1,0,0,0,1,2
563,1,0,0,0,1,0,0,0,1,0,0,0,0,0,1,0,1,0,1,0,0,0
564,1,0,0,0,1,0,0,0,1,0,0,0,0,0,1,1,0,0,0,1,0,2
565,1,0,0,0,1,0,0,0,1,0,0,0,0,0,1,1,0,0,0,0,1,0
566,1,0,0,0,1,0,0,0,1,0,0,0,0,0,1,1,0,0,1,0,0,0
567,1,0,0,0,1,0,0,0,0,1,0,0,1,0,0,0,0,1,0,1,0,2
568,1,0,0,0,1,0,0,0,0,1,0,0,1,0,0,0,0,1,0,0,1,2
569,1,0,0,0,1,0,0,0,0,1,0,0,1,0,0,0,0,1,1,0,0,2
570,1,0,0,0,1,0,0,0,0,1,0,0,1,0,0,0,1,0,0,1,0,2
571,1,0,0,0,1,0,0,0,0,1,0,0,1,0,0,0,1,0,0,0,1,2
572,1,0,0,0,1,0,0,0,0,1,0,0,1,0,0,0,1,0,1,0,0,2
573,1,0,0,0,1,0,0,0,0,1,0,0,1,0,0,1,0,0,0,1,0,2
574,1,0,0,0,1,0,0,0,0,1,0,0,1,0,0,1,0,0,0,0,1,2
575,1,0,0,0,1,0,0,0,0,1,0,0,1,0,0,1,0,0,1,0,0,2
576,1,0,0,0,1,0,0,0,0,1,0,0,0,1,0,0,0,1,0,1,0,2
577,1,0,0,0,1,0,0,0,0,1,0,0,0,1,0,0,0,1,0,0,1,2
578,1,0,0,0,1,0,0,0,0,1,0,0,0,1,0,0,0,1,1,0,0,0
579,1,0,0,0,1,0,0,0,0,1,0,0,0,1,0,0,1,0,0,1,0,2
580,1,0,0,0,1,0,0,0,0,1,0,0,0,1,0,0,1,0,0,0,1,2
581,1,0,0,0,1,0,0,0,0,1,0,0,0,1,0,0,1,0,1,0,0,0
582,1,0,0,0,1,0,0,0,0,1,0,0,0,1,0,1,0,0,0,1,0,2
583,1,0,0,0,1,0,0,0,0,1,0,0,0,1,0,1,0,0,0,0,1,0
584,1,0,0,0,1,0,0,0,0,1,0,0,0,1,0,1,0,0,1,0,0,0
585,1,0,0,0,1,0,0,0,0,1,0,0,0,0,1,0,0,1,0,1,0,2
586,1,0,0,0,1,0,0,0,0,1,0,0,0,0,1,0,0,1,0,0,1,2
587,1,0,0,0,1,0,0,0,0,1,0,0,0,0,1,0,0,1,1,0,0,0
588,1,0,0,0,1,0,0,0,0,1,0,0,0,0,1,0,1,0,0,1,0,2
589,1,0,0,0,1,0,0,0,0,1,0,0,0,0,1,0,1,0,0,0,1,0
590,1,0,0,0,1,0,0,0,0,1,0,0,0,0,1,0,1,0,1,0,0,0
591,1,0,0,0,1,0,0,0,0,1,0,0,0,0,1,1,0,0,0,1,0,2
592,1,0,0,0,1,0,0,0,0,1,0,0,0,0,1,1,0,0,0,0,1,0
593,1,0,0,0,1,0,0,0,0,1,0,0,0,0,1,1,0,0,1,0,0,0
594,1,0,0,0,1,0,0,0,0,0,1,0,1,0,0,0,0,1,0,1,0,2
595,1,0,0,0,1,0,0,0,0,0,1,0,1,0,0,0,0,1,0,0,1,2
596,1,0,0,0,1,0,0,0,0,0,1,0,1,0,0,0,0,1,1,0,0,2
597,1,0,0,0,1,0,0,0,0,0,1,0,1,0,0,0,1,0,0,1,0,2
598,1,0,0,0,1,0,0,0,0,0,1,0,1,0,0,0,1,0,0,0,1,2
599,1,0,0,0,1,0,0,0,0,0,1,0,1,0,0,0,1,0,1,0,0,2
600,1,0,0,0,1,0,0,0,0,0,1,0,1,0,0,1,0,0,0,1,0,2
601,1,0,0,0,1,0,0,0,0,0,1,0,1,0,0,1,0,0,0,0,1,2
602,1,0,0,0,1,0,0,0,0,0,1,0,1,0,0,1,0,0,1,0,0,2
603,1,0,0,0,1,0,0,0,0,0,1,0,0,1,0,0,0,1,0,1,0,2
604,1,0,0,0,1,0,0,0,0,0,1,0,0,1,0,0,0,1,0,0,1,2
605,1,0,0,0,1,0,0,0,0,0,1,0,0,1,0,0,0,1,1,0,0,0
606,1,0,0,0,1,0,0,0,0,0,1,0,0,1,0,0,1,0,0,1,0,2
607,1,0,0,0,1,0,0,0,0,0,1,0,0,1,0,0,1,0,0,0,1,0
608,1,0,0,0,1,0,0,0,0,0,1,0,0,1,0,0,1,0,1,0,0,0
609,1,0,0,0,1,0,0,0,0,0,1,0,0,1,0,1,0,0,0,1,0,2
610,1,0,0,0,1,0,0,0,0,0,1,0,0,1,0,1,0,0,0,0,1,0
611,1,0,0,0,1,0,0,0,0,0,1,0,0,1,0,1,0,0,1,0,0,0
612,1,0,0,0,1,0,0,0,0,0,1,0,0,0,1,0,0,1,0,1,0,2
613,1,0,0,0,1,0,0,0,0,0,1,0,0,0,1,0,0,1,0,0,1,2
614,1,0,0,0,1,0,0,0,0,0,1,0,0,0,1,0,0,1,1,0,0,0
615,1,0,0,0,1,0,0,0,0,0,1,0,0,0,1,0,1,0,0,1,0,2
616,1,0,0,0,1,0,0,0,0,0,1,0,0,0,1,0,1,0,0,0,1,0
617,1,0,0,0,1,0,0,0,0,0,1,0,0,0,1,0,1,0,1,0,0,0
618,1,0,0,0,1,0,0,0,0,0,1,0,0,0,1,1,0,0,0,1,0,2
619,1,0,0,0,1,0,0,0,0,0,1,0,0,0,1,1,0,0,0,0,1,0
620,1,0,0,0,1,0,0,0,0,0,1,0,0,0,1,1,0,0,1,0,0,0
621,1,0,0,0,1,0,0,0,0,0,0,1,1,0,0,0,0,1,0,1,0,2
622,1,0,0,0,1,0,0,0,0,0,0,1,1,0,0,0,0,1,0,0,1,2
623,1,0,0,0,1,0,0,0,0,0,0,1,1,0,0,0,0,1,1,0,0,2
624,1,0,0,0,1,0,0,0,0,0,0,1,1,0,0,0,1,0,0,1,0,2
625,1,0,0,0,1,0,0,0,0,0,0,1,1,0,0,0,1,0,0,0,1,2
626,1,0,0,0,1,0,0,0,0,0,0,1,1,0,0,0,1,0,1,0,0,2
627,1,0,0,0,1,0,0,0,0,0,0,1,1,0,0,1,0,0,0,1,0,2
628,1,0,0,0,1,0,0,0,0,0,0,1,1,0,0,1,0,0,0,0,1,2
629,1,0,0,0,1,0,0,0,0,0,0,1,1,0,0,1,0,0,1,0,0,2
630,1,0,0,0,1,0,0,0,0,0,0,1,0,1,0,0,0,1,0,1,0,2
631,1,0,0,0,1,0,0,0,0,0,0,1,0,1,0,0,0,1,0,0,1,2
632,1,0,0,0,1,0,0,0,0,0,0,1,0,1,0,0,0,1,1,0,0,0
633,1,0,0,0,1,0,0,0,0,0,0,1,0,1,0,0,1,0,0,1,0,2
634,1,0,0,0,1,0,0,0,0,0,0,1,0,1,0,0,1,0,0,0,1,0
635,1,0,0,0,1,0,0,0,0,0,0,1,0,1,0,0,1,0,1,0,0,0
636,1,0,0,0,1,0,0,0,0,0,0,1,0,1,0,1,0,0,0,1,0,2
637,1,0,0,0,1,0,0,0,0,0,0,1,0,1,0,1,0,0,0,0,1,0
638,1,0,0,0,1,0,0,0,0,0,0,1,0,1,0,1,0,0,1,0,0,0
639,1,0,0,0,1,0,0,0,0,0,0,1,0,0,1,0,0,1,0,1,0,2
640,1,0,0,0,1,0,0,0,0,0,0,1,0,0,1,0,0,1,0,0,1,2
641,1,0,0,0,1,0,0,0,0,0,0,1,0,0,1,0,0,1,1,0,0,0
642,1,0,0,0,1,0,0,0,0,0,0,1,0,0,1,0,1,0,0,1,0,2
643,1,0,0,0,1,0,0,0,0,0,0,1,0,0,1,0,1,0,0,0,1,0
644,1,0,0,0,1,0,0,0,0,0,0,1,0,0,1,0,1,0,1,0,0,0
645,1,0,0,0,1,0,0,0,0,0,0,1,0,0,1,1,0,0,0,1,0,2
646,1,0,0,0,1,0,0,0,0,0,0,1,0,0,1,1,0,0,0,0,1,0
647,1,0,0,0,1,0,0,0,0,0,0,1,0,0,1,1,0,0,1,0,0,0
648,1,0,0,0,0,0,1,0,1,0,0,0,1,0,0,0,0,1,0,1,0,2
649,1,0,0,0,0,0,1,0,1,0,0,0,1,0,0,0,0,1,0,0,1,2
650,1,0,0,0,0,0,1,0,1,0,0,0,1,0,0,0,0,1,1,0,0,2
651,1,0,0,0,0,0,1,0,1,0,0,0,1,0,0,0,1,0,0,1,0,2
652,1,0,0,0,0,0,1,0,1,0,0,0,1,0,0,0,1,0,0,0,1,2
653,1,0,0,0,0,0,1,0,1,0,0,0,1,0,0,0,1,0,1,0,0,2
654,1,0,0,0,0,0,1,0,1,0,0,0,1,0,0,1,0,0,0,1,0,2
655,1,0,0,0,0,0,1,0,1,0,0,0,1,0,0,1,0,0,0,0,1,2
656,1,0,0,0,0,0,1,0,1,0,0,0,1,0,0,1,0,0,1,0,0,2
657,1,0,0,0,0,0,1,0,1,0,0,0,0,1,0,0,0,1,0,1,0,2
658,1,0,0,0,0,0,1,0,1,0,0,0,0,1,0,0,0,1,0,0,1,2
659,1,0,0,0,0,0,1,0,1,0,0,0,0,1,0,0,0,1,1,0,0,0
660,1,0,0,0,0,0,1,0,1,0,0,0,0,1,0,0,1,0,0,1,0,2
661,1,0,0,0,0,0,1,0,1,0,0,0,0,1,0,0,1,0,0,0,1,2
662,1,0,0,0,0,0,1,0,1,0,0,0,0,1,0,0,1,0,1,0,0,0
663,1,0,0,0,0,0,1,0,1,0,0,0,0,1,0,1,0,0,0,1,0,2
664,1,0,0,0,0,0,1,0,1,0,0,0,0,1,0,1,0,0,0,0,1,0
665,1,0,0,0,0,0,1,0,1,0,0,0,0,1,0,1,0,0,1,0,0,0
666,1,0,0,0,0,0,1,0,1,0,0,0,0,0,1,0,0,1,0,1,0,2
667,1,0,0,0,0,0,1,0,1,0,0,0,0,0,1,0,0,1,0,0,1,2
668,1,0,0,0,0,0,1,0,1,0,0,0,0,0,1,0,0,1,1,0,0,2
669,1,0,0,0,0,0,1,0,1,0,0,0,0,0,1,0,1,0,0,1,0,2
670,1,0,0,0,0,0,1,0,1,0,0,0,0,0,1,0,1,0,0,0,1,2
671,1,0,0,0,0,0,1,0,1,0,0,0,0,0,1,0,1,0,1,0,0,0
672,1,0,0,0,0,0,1,0,1,0,0,0,0,0,1,1,0,0,0,1,0,2
673,1,0,0,0,0,0,1,0,1,0,0,0,0,0,1,1,0,0,0,0,1,0
674,1,0,0,0,0,0,1,0,1,0,0,0,0,0,1,1,0,0,1,0,0,0
675,1,0,0,0,0,0,1,0,0,1,0,0,1,0,0,0,0,1,0,1,0,2
676,1,0,0,0,0,0,1,0,0,1,0,0,1,0,0,0,0,1,0,0,1,2
677,1,0,0,0,0,0,1,0,0,1,0,0,1,0,0,0,0,1,1,0,0,2
678,1,0,0,0,0,0,1,0,0,1,0,0,1,0,0,0,1,0,0,1,0,2
679,1,0,0,0,0,0,1,0,0,1,0,0,1,0,0,0,1,0,0,0,1,2
680,1,0,0,0,0,0,1,0,0,1,0,0,1,0,0,0,1,0,1,0,0,2
681,1,0,0,0,0,0,1,0,0,1,0,0,1,0,0,1,0,0,0,1,0,2
682,1,0,0,0,0,0,1,0,0,1,0,0,1,0,0,1,0,0,0,0,1,2
683,1,0,0,0,0,0,1,0,0,1,0,0,1,0,0,1,0,0,1,0,0,2
684,1,0,0,0,0,0,1,0,0,1,0,0,0,1,0,0,0,1,0,1,0,2
685,1,0,0,0,0,0,1,0,0,1,0,0,0,1,0,0,0,1,0,0,1,2
686,1,0,0,0,0,0,1,0,0,1,0,0,0,1,0,0,0,1,1,0,0,0
687,1,0,0,0,0,0,1,0,0,1,0,0,0,1,0,0,1,0,0,1,0,2
688,1,0,0,0,0,0,1,0,0,1,0,0,0,1,0,0,1,0,0,0,1,2
689,1,0,0,0,0,0,1,0,0,1,0,0,0,1,0,0,1,0,1,0,0,0
690,1,0,0,0,0,0,1,0,0,1,0,0,0,1,0,1,0,0,0,1,0,2
691,1,0,0,0,0,0,1,0,0,1,0,0,0,1,0,1,0,0,0,0,1,0
692,1,0,0,0,0,0,1,0,0,1,0,0,0,1,0,1,0,0,1,0,0,0
693,1,0,0,0,0,0,1,0,0,1,0,0,0,0,1,0,0,1,0,1,0,2
694,1,0,0,0,0,0,1,0,0,1,0,0,0,0,1,0,0,1,0,0,1,2
695,1,0,0,0,0,0,1,0,0,1,0,0,0,0,1,0,0,1,1,0,0,0
696,1,0,0,0,0,0,1,0,0,1,0,0,0,0,1,0,1,0,0,1,0,2
697,1,0,0,0,0,0,1,0,0,1,0,0,0,0,1,0,1,0,0,0,1,0
698,1,0,0,0,0,0,1,0,0,1,0,0,0,0,1,0,1,0,1,0,0,0
699,1,0,0,0,0,0,1,0,0,1,0,0,0,0,1,1,0,0,0,1,0,2
700,1,0,0,0,0,0,1,0,0,1,0,0,0,0,1,1,0,0,0,0,1,0
701,1,0,0,0,0,0,1,0,0,1,0,0,0,0,1,1,0,0,1,0,0,0
702,1,0,0,0,0,0,1,0,0,0,1,0,1,0,0,0,0,1,0,1,0,2
703,1,0,0,0,0,0,1,0,0,0,1,0,1,0,0,0,0,1,0,0,1,2
704,1,0,0,0,0,0,1,0,0,0,1,0,1,0,0,0,0,1,1,0,0,2
705,1,0,0,0,0,0,1,0,0,0,1,0,1,0,0,0,1,0,0,1,0,2
706,1,0,0,0,0,0,1,0,0,0,1,0,1,0,0,0,1,0,0,0,1,2
707,1,0,0,0,0,0,1,0,0,0,1,0,1,0,0,0,1,0,1,0,0,2
708,1,0,0,0,0,0,1,0,0,0,1,0,1,0,0,1,0,0,0,1,0,2
709,1,0,0,0,0,0,1,0,0,0,1,0,1,0,0,1,0,0,0,0,1,2
710,1,0,0,0,0,0,1,0,0,0,1,0,1,0,0,1,0,0,1,0,0,2
711,1,0,0,0,0,0,1,0,0,0,1,0,0,1,0,0,0,1,0,1,0,2
712,1,0,0,0,0,0,1,0,0,0,1,0,0,1,0,0,0,1,0,0,1,2
713,1,0,0,0,0,0,1,0,0,0,1,0,0,1,0,0,0,1,1,0,0,0
714,1,0,0,0,0,0,1,0,0,0,1,0,0,1,0,0,1,0,0,1,0,2
715,1,0,0,0,0,0,1,0,0,0,1,0,0,1,0,0,1,0,0,0,1,0
716,1,0,0,0,0,0,1,0,0,0,1,0,0,1,0,0,1,0,1,0,0,0
717,1,0,0,0,0,0,1,0,0,0,1,0,0,1,0,1,0,0,0,1,0,2
718,1,0,0,0,0,0,1,0,0,0,1,0,0,1,0,1,0,0,0,0,1,0
719,1,0,0,0,0,0,1,0,0,0,1,0,0,1,0,1,0,0,1,0,0,0
720,1,0,0,0,0,0,1,0,0,0,1,0,0,0,1,0,0,1,0,1,0,2
721,1,0,0,0,0,0,1,0,0,0,1,0,0,0,1,0,0,1,0,0,1,2
722,1,0,0,0,0,0,1,0,0,0,1,0,0,0,1,0,0,1,1,0,0,0
723,1,0,0,0,0,0,1,0,0,0,1,0,0,0,1,0,1,0,0,1,0,2
724,1,0,0,0,0,0,1,0,0,0,1,0,0,0,1,0,1,0,0,0,1,0
725,1,0,0,0,0,0,1,0,0,0,1,0,0,0,1,0,1,0,1,0,0,0
726,1,0,0,0,0,0,1,0,0,0,1,0,0,0,1,1,0,0,0,1,0,2
727,1,0,0,0,0,0,1,0,0,0,1,0,0,0,1,1,0,0,0,0,1,0
728,1,0,0,0,0,0,1,0,0,0,1,0,0,0,1,1,0,0,1,0,0,0
729,1,0,0,0,0,0,1,0,0,0,0,1,1,0,0,0,0,1,0,1,0,2
730,1,0,0,0,0,0,1,0,0,0,0,1,1,0,0,0,0,1,0,0,1,2
731,1,0,0,0,0,0,1,0,0,0,0,1,1,0,0,0,0,1,1,0,0,2
732,1,0,0,0,0,0,1,0,0,0,0,1,1,0,0,0,1,0,0,1,0,2
733,1,0,0,0,0,0,1,0,0,0,0,1,1,0,0,0,1,0,0,0,1,2
734,1,0,0,0,0,0,1,0,0,0,0,1,1,0,0,0,1,0,1,0,0,2
735,1,0,0,0,0,0,1,0,0,0,0,1,1,0,0,1,0,0,0,1,0,2
736,1,0,0,0,0,0,1,0,0,0,0,1,1,0,0,1,0,0,0,0,1,2
737,1,0,0,0,0,0,1,0,0,0,0,1,1,0,0,1,0,0,1,0,0,2
738,1,0,0,0,0,0,1,0,0,0,0,1,0,1,0,0,0,1,0,1,0,2
739,1,0,0,0,0,0,1,0,0,0,0,1,0,1,0,0,0,1,0,0,1,2
740,1,0,0,0,0,0,1,0,0,0,0,1,0,1,0,0,0,1,1,0,0,0
741,1,0,0,0,0,0,1,0,0,0,0,1,0,1,0,0,1,0,0,1,0,2
742,1,0,0,0,0,0,1,0,0,0,0,1,0,1,0,0,1,0,0,0,1,0
743,1,0,0,0,0,0,1,0,0,0,0,1,0,1,0,0,1,0,1,0,0,0
744,1,0,0,0,0,0,1,0,0,0,0,1,0,1,0,1,0,0,0,1,0,2
745,1,0,0,0,0,0,1,0,0,0,0,1,0,1,0,1,0,0,0,0,1,0
746,1,0,0,0,0,0,1,0,0,0,0,1,0,1,0,1,0,0,1,0,0,0
747,1,0,0,0,0,0,1,0,0,0,0,1,0,0,1,0,0,1,0,1,0,2
748,1,0,0,0,0,0,1,0,0,0,0,1,0,0,1,0,0,1,0,0,1,2
749,1,0,0,0,0,0,1,0,0,0,0,1,0,0,1,0,0,1,1,0,0,0
750,1,0,0,0,0,0,1,0,0,0,0,1,0,0,1,0,1,0,0,1,0,2
751,1,0,0,0,0,0,1,0,0,0,0,1,0,0,1,0,1,0,0,0,1,0
752,1,0,0,0,0,0,1,0,0,0,0,1,0,0,1,0,1,0,1,0,0,0
753,1,0,0,0,0,0,1,0,0,0,0,1,0,0,1,1,0,0,0,1,0,2
754,1,0,0,0,0,0,1,0,0,0,0,1,0,0,1,1,0,0,0,0,1,0
755,1,0,0,0,0,0,1,0,0,0,0,1,0,0,1,1,0,0,1,0,0,0
756,1,0,0,0,0,1,0,0,1,0,0,0,1,0,0,0,0,1,0,1,0,2
757,1,0,0,0,0,1,0,0,1,0,0,0,1,0,0,0,0,1,0,0,1,2
758,1,0,0,0,0,1,0,0,1,0,0,0,1,0,0,0,0,1,1,0,0,2
759,1,0,0,0,0,1,0,0,1,0,0,0,1,0,0,0,1,0,0,1,0,2
760,1,0,0,0,0,1,0,0,1,0,0,0,1,0,0,0,1,0,0,0,1,2
761,1,0,0,0,0,1,0,0,1,0,0,0,1,0,0,0,1,0,1,0,0,2
762,1,0,0,0,0,1,0,0,1,0,0,0,1,0,0,1,0,0,0,1,0,2
763,1,0,0,0,0,1,0,0,1,0,0,0,1,0,0,1,0,0,0,0,1,2
764,1,0,0,0,0,1,0,0,1,0,0,0,1,0,0,1,0,0,1,0,0,2
765,1,0,0,0,0,1,0,0,1,0,0,0,0,1,0,0,0,1,0,1,0,2
766,1,0,0,0,0,1,0,0,1,0,0,0,0,1,0,0,0,1,0,0,1,2
767,1,0,0,0,0,1,0,0,1,0,0,0,0,1,0,0,0,1,1,0,0,0
768,1,0,0,0,0,1,0,0,1,0,0,0,0,1,0,0,1,0,0,1,0,2
769,1,0,0,0,0,1,0,0,1,0,0,0,0,1,0,0,1,0,0,0,1,2
770,1,0,0,0,0,1,0,0,1,0,0,0,0,1,0,0,1,0,1,0,0,0
771,1,0,0,0,0,1,0,0,1,0,0,0,0,1,0,1,0,0,0,1,0,2
772,1,0,0,0,0,1,0,0,1,0,0,0,0,1,0,1,0,0,0,0,1,0
773,1,0,0,0,0,1,0,0,1,0,0,0,0,1,0,1,0,0,1,0,0,0
774,1,0,0,0,0,1,0,0,1,0,0,0,0,0,1,0,0,1,0,1,0,2
775,1,0,0,0,0,1,0,0,1,0,0,0,0,0,1,0,0,1,0,0,1,2
776,1,0,0,0,0,1,0,0,1,0,0,0,0,0,1,0,0,1,1,0,0,2
777,1,0,0,0,0,1,0,0,1,0,0,0,0,0,1,0,1,0,0,1,0,2
778,1,0,0,0,0,1,0,0,1,0,0,0,0,0,1,0,1,0,0,0,1,2
779,1,0,0,0,0,1,0,0,1,0,0,0,0,0,1,0,1,0,1,0,0,0
780,1,0,0,0,0,1,0,0,1,0,0,0,0,0,1,1,0,0,0,1,0,2
781,1,0,0,0,0,1,0,0,1,0,0,0,0,0,1,1,0,0,0,0,1,0
782,1,0,0,0,0,1,0,0,1,0,0,0,0,0,1,1,0,0,1,0,0,0
783,1,0,0,0,0,1,0,0,0,1,0,0,1,0,0,0,0,1,0,1,0,2
784,1,0,0,0,0,1,0,0,0,1,0,0,1,0,0,0,0,1,0,0,1,2
785,1,0,0,0,0,1,0,0,0,1,0,0,1,0,0,0,0,1,1,0,0,2
786,1,0,0,0,0,1,0,0,0,1,0,0,1,0,0,0,1,0,0,1,0,2
787,1,0,0,0,0,1,0,0,0,1,0,0,1,0,0,0,1,0,0,0,1,2
788,1,0,0,0,0,1,0,0,0,1,0,0,1,0,0,0,1,0,1,0,0,2
789,1,0,0,0,0,1,0,0,0,1,0,0,1,0,0,1,0,0,0,1,0,2
790,1,0,0,0,0,1,0,0,0,1,0,0,1,0,0,1,0,0,0,0,1,2
791,1,0,0,0,0,1,0,0,0,1,0,0,1,0,0,1,0,0,1,0,0,2
792,1,0,0,0,0,1,0,0,0,1,0,0,0,1,0,0,0,1,0,1,0,2
793,1,0,0,0,0,1,0,0,0,1,0,0,0,1,0,0,0,1,0,0,1,2
794,1,0,0,0,0,1,0,0,0,1,0,0,0,1,0,0,0,1,1,0,0,0
795,1,0,0,0,0,1,0,0,0,1,0,0,0,1,0,0,1,0,0,1,0,2
796,1,0,0,0,0,1,0,0,0,1,0,0,0,1,0,0,1,0,0,0,1,2
797,1,0,0,0,0,1,0,0,0,1,0,0,0,1,0,0,1,0,1,0,0,0
798,1,0,0,0,0,1,0,0,0,1,0,0,0,1,0,1,0,0,0,1,0,2
799,1,0,0,0,0,1,0,0,0,1,0,0,0,1,0,1,0,0,0,0,1,0
800,1,0,0,0,0,1,0,0,0,1,0,0,0,1,0,1,0,0,1,0,0,0
801,1,0,0,0,0,1,0,0,0,1,0,0,0,0,1,0,0,1,0,1,0,2
802,1,0,0,0,0,1,0,0,0,1,0,0,0,0,1,0,0,1,0,0,1,2
803,1,0,0,0,0,1,0,0,0,1,0,0,0,0,1,0,0,1,1,0,0,0
804,1,0,0,0,0,1,0,0,0,1,0,0,0,0,1,0,1,0,0,1,0,2
805,1,0,0,0,0,1,0,0,0,1,0,0,0,0,1,0,1,0,0,0,1,0
806,1,0,0,0,0,1,0,0,0,1,0,0,0,0,1,0,1,0,1,0,0,0
807,1,0,0,0,0,1,0,0,0,1,0,0,0,0,1,1,0,0,0,1,0,2
808,1,0,0,0,0,1,0,0,0,1,0,0,0,0,1,1,0,0,0,0,1,0
809,1,0,0,0,0,1,0,0,0,1,0,0,0,0,1,1,0,0,1,0,0,0
810,1,0,0,0,0,1,0,0,0,0,1,0,1,0,0,0,0,1,0,1,0,2
811,1,0,0,0,0,1,0,0,0,0,1,0,1,0,0,0,0,1,0,0,1,2
812,1,0,0,0,0,1,0,0,0,0,1,0,1,0,0,0,0,1,1,0,0,2
813,1,0,0,0,0,1,0,0,0,0,1,0,1,0,0,0,1,0,0,1,0,2
814,1,0,0,0,0,1,0,0,0,0,1,0,1,0,0,0,1,0,0,0,1,2
815,1,0,0,0,0,1,0,0,0,0,1,0,1,0,0,0,1,0,1,0,0,2
816,1,0,0,0,0,1,0,0,0,0,1,0,1,0,0,1,0,0,0,1,0,2
817,1,0,0,0,0,1,0,0,0,0,1,0,1,0,0,1,0,0,0,0,1,2
818,1,0,0,0,0,1,0,0,0,0,1,0,1,0,0,1,0,0,1,0,0,2
819,1,0,0,0,0,1,0,0,0,0,1,0,0,1,0,0,0,1,0,1,0,2
820,1,0,0,0,0,1,0,0,0,0,1,0,0,1,0,0,0,1,0,0,1,2
821,1,0,0,0,0,1,0,0,0,0,1,0,0,1,0,0,0,1,1,0,0,0
822,1,0,0,0,0,1,0,0,0,0,1,0,0,1,0,0,1,0,0,1,0,2
823,1,0,0,0,0,1,0,0,0,0,1,0,0,1,0,0,1,0,0,0,1,0
824,1,0,0,0,0,1,0,0,0,0,1,0,0,1,0,0,1,0,1,0,0,0
825,1,0,0,0,0,1,0,0,0,0,1,0,0,1,0,1,0,0,0,1,0,2
826,1,0,0,0,0,1,0,0,0,0,1,0,0,1,0,1,0,0,0,0,1,0
827,1,0,0,0,0,1,0,0,0,0,1,0,0,1,0,1,0,0,1,0,0,0
828,1,0,0,0,0,1,0,0,0,0,1,0,0,0,1,0,0,1,0,1,0,2
829,1,0,0,0,0,1,0,0,0,0,1,0,0,0,1,0,0,1,0,0,1,2
830,1,0,0,0,0,1,0,0,0,0,1,0,0,0,1,0,0,1,1,0,0,0
831,1,0,0,0,0,1,0,0,0,0,1,0,0,0,1,0,1,0,0,1,0,2
832,1,0,0,0,0,1,0,0,0,0,1,0,0,0,1,0,1,0,0,0,1,0
833,1,0,0,0,0,1,0,0,0,0,1,0,0,0,1,0,1,0,1,0,0,0
834,1,0,0,0,0,1,0,0,0,0,1,0,0,0,1,1,0,0,0,1,0,2
835,1,0,0,0,0,1,0,0,0,0,1,0,0,0,1,1,0,0,0,0,1,0
836,1,0,0,0,0,1,0,0,0,0,1,0,0,0,1,1,0,0,1,0,0,0
837,1,0,0,0,0,1,0,0,0,0,0,1,1,0,0,0,0,1,0,1,0,2
838,1,0,0,0,0,1,0,0,0,0,0,1,1,0,0,0,0,1,0,0,1,2
839,1,0,0,0,0,1,0,0,0,0,0,1,1,0,0,0,0,1,1,0,0,2
840,1,0,0,0,0,1,0,0,0,0,0,1,1,0,0,0,1,0,0,1,0,2
841,1,0,0,0,0,1,0,0,0,0,0,1,1,0,0,0,1,0,0,0,1,2
842,1,0,0,0,0,1,0,0,0,0,0,1,1,0,0,0,1,0,1,0,0,2
843,1,0,0,0,0,1,0,0,0,0,0,1,1,0,0,1,0,0,0,1,0,2
844,1,0,0,0,0,1,0,0,0,0,0,1,1,0,0,1,0,0,0,0,1,2
845,1,0,0,0,0,1,0,0,0,0,0,1,1,0,0,1,0,0,1,0,0,2
846,1,0,0,0,0,1,0,0,0,0,0,1,0,1,0,0,0,1,0,1,0,2
847,1,0,0,0,0,1,0,0,0,0,0,1,0,1,0,0,0,1,0,0,1,2
848,1,0,0,0,0,1,0,0,0,0,0,1,0,1,0,0,0,1,1,0,0,0
849,1,0,0,0,0,1,0,0,0,0,0,1,0,1,0,0,1,0,0,1,0,2
850,1,0,0,0,0,1,0,0,0,0,0,1,0,1,0,0,1,0,0,0,1,0
851,1,0,0,0,0,1,0,0,0,0,0,1,0,1,0,0,1,0,1,0,0,0
852,1,0,0,0,0,1,0,0,0,0,0,1,0,1,0,1,0,0,0,1,0,2
853,1,0,0,0,0,1,0,0,0,0,0,1,0,1,0,1,0,0,0,0,1,0
854,1,0,0,0,0,1,0,0,0,0,0,1,0,1,0,1,0,0,1,0,0,0
855,1,0,0,0,0,1,0,0,0,0,0,1,0,0,1,0,0,1,0,1,0,2
856,1,0,0,0,0,1,0,0,0,0,0,1,0,0,1,0,0,1,0,0,1,2
857,1,0,0,0,0,1,0,0,0,0,0,1,0,0,1,0,0,1,1,0,0,0
858,1,0,0,0,0,1,0,0,0,0,0,1,0,0,1,0,1,0,0,1,0,2
859,1,0,0,0,0,1,0,0,0,0,0,1,0,0,1,0,1,0,0,0,1,0
860,1,0,0,0,0,1,0,0,0,0,0,1,0,0,1,0,1,0,1,0,0,0
861,1,0,0,0,0,1,0,0,0,0,0,1,0,0,1,1,0,0,0,1,0,2
862,1,0,0,0,0,1,0,0,0,0,0,1,0,0,1,1,0,0,0,0,1,0
863,1,0,0,0,0,1,0,0,0,0,0,1,0,0,1,1,0,0,1,0,0,0
864,0,0,1,0,0,0,0,1,1,0,0,0,1,0,0,0,0,1,0,1,0,2
865,0,0,1,0,0,0,0,1,1,0,0,0,1,0,0,0,0,1,0,0,1,2
866,0,0,1,0,0,0,0,1,1,0,0,0,1,0,0,0,0,1,1,0,0,2
867,0,0,1,0,0,0,0,1,1,0,0,0,1,0,0,0,1,0,0,1,0,2
868,0,0,1,0,0,0,0,1,1,0,0,0,1,0,0,0,1,0,0,0,1,2
869,0,0,1,0,0,0,0,1,1,0,0,0,1,0,0,0,1,0,1,0,0,2
870,0,0,1,0,0,0,0,1,1,0,0,0,1,0,0,1,0,0,0,1,0,2
871,0,0,1,0,0,0,0,1,1,0,0,0,1,0,0,1,0,0,0,0,1,2
872,0,0,1,0,0,0,0,1,1,0,0,0,1,0,0,1,0,0,1,0,0,2
873,0,0,1,0,0,0,0,1,1,0,0,0,0,1,0,0,0,1,0,1,0,2
874,0,0,1,0,0,0,0,1,1,0,0,0,0,1,0,0,0,1,0,0,1,2
875,0,0,1,0,0,0,0,1,1,0,0,0,0,1,0,0,0,1,1,0,0,0
876,0,0,1,0,0,0,0,1,1,0,0,0,0,1,0,0,1,0,0,1,0,2
877,0,0,1,0,0,0,0,1,1,0,0,0,0,1,0,0,1,0,0,0,1,2
878,0,0,1,0,0,0,0,1,1,0,0,0,0,1,0,0,1,0,1,0,0,0
879,0,0,1,0,0,0,0,1,1,0,0,0,0,1,0,1,0,0,0,1,0,2
880,0,0,1,0,0,0,0,1,1,0,0,0,0,1,0,1,0,0,0,0,1,0
881,0,0,1,0,0,0,0,1,1,0,0,0,0,1,0,1,0,0,1,0,0,0
882,0,0,1,0,0,0,0,1,1,0,0,0,0,0,1,0,0,1,0,1,0,2
883,0,0,1,0,0,0,0,1,1,0,0,0,0,0,1,0,0,1,0,0,1,2
884,0,0,1,0,0,0,0,1,1,0,0,0,0,0,1,0,0,1,1,0,0,2
885,0,0,1,0,0,0,0,1,1,0,0,0,0,0,1,0,1,0,0,1,0,2
886,0,0,1,0,0,0,0,1,1,0,0,0,0,0,1,0,1,0,0,0,1,2
887,0,0,1,0,0,0,0,1,1,0,0,0,0,0,1,0,1,0,1,0,0,0
888,0,0,1,0,0,0,0,1,1,0,0,0,0,0,1,1,0,0,0,1,0,2
889,0,0,1,0,0,0,0,1,1,0,0,0,0,0,1,1,0,0,0,0,1,0
890,0,0,1,0,0,0,0,1,1,0,0,0,0,0,1,1,0,0,1,0,0,0
891,0,0,1,0,0,0,0,1,0,1,0,0,1,0,0,0,0,1,0,1,0,2
892,0,0,1,0,0,0,0,1,0,1,0,0,1,0,0,0,0,1,0,0,1,2
893,0,0,1,0,0,0,0,1,0,1,0,0,1,0,0,0,0,1,1,0,0,2
894,0,0,1,0,0,0,0,1,0,1,0,0,1,0,0,0,1,0,0,1,0,2
895,0,0,1,0,0,0,0,1,0,1,0,0,1,0,0,0,1,0,0,0,1,2
896,0,0,1,0,0,0,0,1,0,1,0,0,1,0,0,0,1,0,1,0,0,2
897,0,0,1,0,0,0,0,1,0,1,0,0,1,0,0,1,0,0,0,1,0,2
898,0,0,1,0,0,0,0,1,0,1,0,0,1,0,0,1,0,0,0,0,1,2
899,0,0,1,0,0,0,0,1,0,1,0,0,1,0,0,1,0,0,1,0,0,2
900,0,0,1,0,0,0,0,1,0,1,0,0,0,1,0,0,0,1,0,1,0,2
901,0,0,1,0,0,0,0,1,0,1,0,0,0,1,0,0,0,1,0,0,1,2
902,0,0,1,0,0,0,0,1,0,1,0,0,0,1,0,0,0,1,1,0,0,0
903,0,0,1,0,0,0,0,1,0,1,0,0,0,1,0,0,1,0,0,1,0,2
904,0,0,1,0,0,0,0,1,0,1,0,0,0,1,0,0,1,0,0,0,1,2
905,0,0,1,0,0,0,0,1,0,1,0,0,0,1,0,0,1,0,1,0,0,0
906,0,0,1,0,0,0,0,1,0,1,0,0,0,1,0,1,0,0,0,1,0,2
907,0,0,1,0,0,0,0,1,0,1,0,0,0,1,0,1,0,0,0,0,1,0
908,0,0,1,0,0,0,0,1,0,1,0,0,0,1,0,1,0,0,1,0,0,0
909,0,0,1,0,0,0,0,1,0,1,0,0,0,0,1,0,0,1,0,1,0,2
910,0,0,1,0,0,0,0,1,0,1,0,0,0,0,1,0,0,1,0,0,1,2
911,0,0,1,0,0,0,0,1,0,1,0,0,0,0,1,0,0,1,1,0,0,0
912,0,0,1,0,0,0,0,1,0,1,0,0,0,0,1,0,1,0,0,1,0,2
913,0,0,1,0,0,0,0,1,0,1,0,0,0,0,1,0,1,0,0,0,1,0
914,0,0,1,0,0,0,0,1,0,1,0,0,0,0,1,0,1,0,1,0,0,0
915,0,0,1,0,0,0,0,1,0,1,0,0,0,0,1,1,0,0,0,1,0,2
916,0,0,1,0,0,0,0,1,0,1,0,0,0,0,1,1,0,0,0,0,1,0
917,0,0,1,0,0,0,0,1,0,1,0,0,0,0,1,1,0,0,1,0,0,0
918,0,0,1,0,0,0,0,1,0,0,1,0,1,0,0,0,0,1,0,1,0,2
919,0,0,1,0,0,0,0,1,0,0,1,0,1,0,0,0,0,1,0,0,1,2
920,0,0,1,0,0,0,0,1,0,0,1,0,1,0,0,0,0,1,1,0,0,2
921,0,0,1,0,0,0,0,1,0,0,1,0,1,0,0,0,1,0,0,1,0,2
922,0,0,1,0,0,0,0,1,0,0,1,0,1,0,0,0,1,0,0,0,1,2
923,0,0,1,0,0,0,0,1,0,0,1,0,1,0,0,0,1,0,1,0,0,2
924,0,0,1,0,0,0,0,1,0,0,1,0,1,0,0,1,0,0,0,1,0,2
925,0,0,1,0,0,0,0,1,0,0,1,0,1,0,0,1,0,0,0,0,1,2
926,0,0,1,0,0,0,0,1,0,0,1,0,1,0,0,1,0,0,1,0,0,2
927,0,0,1,0,0,0,0,1,0,0,1,0,0,1,0,0,0,1,0,1,0,2
928,0,0,1,0,0,0,0,1,0,0,1,0,0,1,0,0,0,1,0,0,1,2
929,0,0,1,0,0,0,0,1,0,0,1,0,0,1,0,0,0,1,1,0,0,0
930,0,0,1,0,0,0,0,1,0,0,1,0,0,1,0,0,1,0,0,1,0,2
931,0,0,1,0,0,0,0,1,0,0,1,0,0,1,0,0,1,0,0,0,1,0
932,0,0,1,0,0,0,0,1,0,0,1,0,0,1,0,0,1,0,1,0,0,0
933,0,0,1,0,0,0,0,1,0,0,1,0,0,1,0,1,0,0,0,1,0,2
934,0,0,1,0,0,0,0,1,0,0,1,0,0,1,0,1,0,0,0,0,1,0
935,0,0,1,0,0,0,0,1,0,0,1,0,0,1,0,1,0,0,1,0,0,0
936,0,0,1,0,0,0,0,1,0,0,1,0,0,0,1,0,0,1,0,1,0,2
937,0,0,1,0,0,0,0,1,0,0,1,0,0,0,1,0,0,1,0,0,1,2
938,0,0,1,0,0,0,0,1,0,0,1,0,0,0,1,0,0,1,1,0,0,0
939,0,0,1,0,0,0,0,1,0,0,1,0,0,0,1,0,1,0,0,1,0,2
940,0,0,1,0,0,0,0,1,0,0,1,0,0,0,1,0,1,0,0,0,1,0
941,0,0,1,0,0,0,0,1,0,0,1,0,0,0,1,0,1,0,1,0,0,0
942,0,0,1,0,0,0,0,1,0,0,1,0,0,0,1,1,0,0,0,1,0,2
943,0,0,1,0,0,0,0,1,0,0,1,0,0,0,1,1,0,0,0,0,1,0
944,0,0,1,0,0,0,0,1,0,0,1,0,0,0,1,1,0,0,1,0,0,0
945,0,0,1,0,0,0,0,1,0,0,0,1,1,0,0,0,0,1,0,1,0,2
946,0,0,1,0,0,0,0,1,0,0,0,1,1,0,0,0,0,1,0,0,1,2
947,0,0,1,0,0,0,0,1,0,0,0,1,1,0,0,0,0,1,1,0,0,2
948,0,0,1,0,0,0,0,1,0,0,0,1,1,0,0,0,1,0,0,1,0,2
949,0,0,1,0,0,0,0,1,0,0,0,1,1,0,0,0,1,0,0,0,1,2
950,0,0,1,0,0,0,0,1,0,0,0,1,1,0,0,0,1,0,1,0,0,2
951,0,0,1,0,0,0,0,1,0,0,0,1,1,0,0,1,0,0,0,1,0,2
952,0,0,1,0,0,0,0,1,0,0,0,1,1,0,0,1,0,0,0,0,1,2
953,0,0,1,0,0,0,0,1,0,0,0,1,1,0,0,1,0,0,1,0,0,2
954,0,0,1,0,0,0,0,1,0,0,0,1,0,1,0,0,0,1,0,1,0,2
955,0,0,1,0,0,0,0,1,0,0,0,1,0,1,0,0,0,1,0,0,1,2
956,0,0,1,0,0,0,0,1,0,0,0,1,0,1,0,0,0,1,1,0,0,0
957,0,0,1,0,0,0,0,1,0,0,0,1,0,1,0,0,1,0,0,1,0,2
958,0,0,1,0,0,0,0,1,0,0,0,1,0,1,0,0,1,0,0,0,1,0
959,0,0,1,0,0,0,0,1,0,0,0,1,0,1,0,0,1,0,1,0,0,0
960,0,0,1,0,0,0,0,1,0,0,0,1,0,1,0,1,0,0,0,1,0,2
961,0,0,1,0,0,0,0,1,0,0,0,1,0,1,0,1,0,0,0,0,1,0
962,0,0,1,0,0,0,0,1,0,0,0,1,0,1,0,1,0,0,1,0,0,0
963,0,0,1,0,0,0,0,1,0,0,0,1,0,0,1,0,0,1,0,1,0,2
964,0,0,1,0,0,0,0,1,0,0,0,1,0,0,1,0,0,1,0,0,1,2
965,0,0,1,0,0,0,0,1,0,0,0,1,0,0,1,0,0,1,1,0,0,0
966,0,0,1,0,0,0,0,1,0,0,0,1,0,0,1,0,1,0,0,1,0,2
967,0,0,1,0,0,0,0,1,0,0,0,1,0,0,1,0,1,0,0,0,1,0
968,0,0,1,0,0,0,0,1,0,0,0,1,0,0,1,0,1,0,1,0,0,0
969,0,0,1,0,0,0,0,1,0,0,0,1,0,0,1,1,0,0,0,1,0,2
970,0,0,1,0,0,0,0,1,0,0,0,1,0,0,1,1,0,0,0,0,1,0
971,0,0,1,0,0,0,0,1,0,0,0,1,0,0,1,1,0,0,1,0,0,0
972,0,0,1,0,1,0,0,0,1,0,0,0,1,0,0,0,0,1,0,1,0,2
973,0,0,1,0,1,0,0,0,1,0,0,0,1,0,0,0,0,1,0,0,1,2
974,0,0,1,0,1,0,0,0,1,0,0,0,1,0,0,0,0,1,1,0,0,2
975,0,0,1,0,1,0,0,0,1,0,0,0,1,0,0,0,1,0,0,1,0,2
976,0,0,1,0,1,0,0,0,1,0,0,0,1,0,0,0,1,0,0,0,1,2
977,0,0,1,0,1,0,0,0,1,0,0,0,1,0,0,0,1,0,1,0,0,2
978,0,0,1,0,1,0,0,0,1,0,0,0,1,0,0,1,0,0,0,1,0,2
979,0,0,1,0,1,0,0,0,1,0,0,0,1,0,0,1,0,0,0,0,1,2
980,0,0,1,0,1,0,0,0,1,0,0,0,1,0,0,1,0,0,1,0,0,2
981,0,0,1,0,1,0,0,0,1,0,0,0,0,1,0,0,0,1,0,1,0,2
982,0,0,1,0,1,0,0,0,1,0,0,0,0,1,0,0,0,1,0,0,1,2
983,0,0,1,0,1,0,0,0,1,0,0,0,0,1,0,0,0,1,1,0,0,0
984,0,0,1,0,1,0,0,0,1,0,0,0,0,1,0,0,1,0,0,1,0,2
985,0,0,1,0,1,0,0,0,1,0,0,0,0,1,0,0,1,0,0,0,1,2
986,0,0,1,0,1,0,0,0,1,0,0,0,0,1,0,0,1,0,1,0,0,0
987,0,0,1,0,1,0,0,0,1,0,0,0,0,1,0,1,0,0,0,1,0,2
988,0,0,1,0,1,0,0,0,1,0,0,0,0,1,0,1,0,0,0,0,1,0
989,0,0,1,0,1,0,0,0,1,0,0,0,0,1,0,1,0,0,1,0,0,0
990,0,0,1,0,1,0,0,0,1,0,0,0,0,0,1,0,0,1,0,1,0,2
991,0,0,1,0,1,0,0,0,1,0,0,0,0,0,1,0,0,1,0,0,1,2
992,0,0,1,0,1,0,0,0,1,0,0,0,0,0,1,0,0,1,1,0,0,2
993,0,0,1,0,1,0,0,0,1,0,0,0,0,0,1,0,1,0,0,1,0,2
994,0,0,1,0,1,0,0,0,1,0,0,0,0,0,1,0,1,0,0,0,1,2
995,0,0,1,0,1,0,0,0,1,0,0,0,0,0,1,0,1,0,1,0,0,0
996,0,0,1,0,1,0,0,0,1,0,0,0,0,0,1,1,0,0,0,1,0,2
997,0,0,1,0,1,0,0,0,1,0,0,0,0,0,1,1,0,0,0,0,1,0
998,0,0,1,0,1,0,0,0,1,0,0,0,0,0,1,1,0,0,1,0,0,0
999,0,0,1,0,1,0,0,0,0,1,0,0,1,0,0,0,0,1,0,1,0,2
1000,0,0,1,0,1,0,0,0,0,1,0,0,1,0,0,0,0,1,0,0,1,2
1001,0,0,1,0,1,0,0,0,0,1,0,0,1,0,0,0,0,1,1,0,0,2
1002,0,0,1,0,1,0,0,0,0,1,0,0,1,0,0,0,1,0,0,1,0,2
1003,0,0,1,0,1,0,0,0,0,1,0,0,1,0,0,0,1,0,0,0,1,2
1004,0,0,1,0,1,0,0,0,0,1,0,0,1,0,0,0,1,0,1,0,0,2
1005,0,0,1,0,1,0,0,0,0,1,0,0,1,0,0,1,0,0,0,1,0,2
1006,0,0,1,0,1,0,0,0,0,1,0,0,1,0,0,1,0,0,0,0,1,2
1007,0,0,1,0,1,0,0,0,0,1,0,0,1,0,0,1,0,0,1,0,0,2
1008,0,0,1,0,1,0,0,0,0,1,0,0,0,1,0,0,0,1,0,1,0,2
1009,0,0,1,0,1,0,0,0,0,1,0,0,0,1,0,0,0,1,0,0,1,2
1010,0,0,1,0,1,0,0,0,0,1,0,0,0,1,0,0,0,1,1,0,0,0
1011,0,0,1,0,1,0,0,0,0,1,0,0,0,1,0,0,1,0,0,1,0,2
1012,0,0,1,0,1,0,0,0,0,1,0,0,0,1,0,0,1,0,0,0,1,2
1013,0,0,1,0,1,0,0,0,0,1,0,0,0,1,0,0,1,0,1,0,0,0
1014,0,0,1,0,1,0,0,0,0,1,0,0,0,1,0,1,0,0,0,1,0,2
1015,0,0,1,0,1,0,0,0,0,1,0,0,0,1,0,1,0,0,0,0,1,0
1016,0,0,1,0,1,0,0,0,0,1,0,0,0,1,0,1,0,0,1,0,0,0
1017,0,0,1,0,1,0,0,0,0,1,0,0,0,0,1,0,0,1,0,1,0,2
1018,0,0,1,0,1,0,0,0,0,1,0,0,0,0,1,0,0,1,0,0,1,2
1019,0,0,1,0,1,0,0,0,0,1,0,0,0,0,1,0,0,1,1,0,0,0
1020,0,0,1,0,1,0,0,0,0,1,0,0,0,0,1,0,1,0,0,1,0,2
1021,0,0,1,0,1,0,0,0,0,1,0,0,0,0,1,0,1,0,0,0,1,0
1022,0,0,1,0,1,0,0,0,0,1,0,0,0,0,1,0,1,0,1,0,0,0
1023,0,0,1,0,1,0,0,0,0,1,0,0,0,0,1,1,0,0,0,1,0,2
1024,0,0,1,0,1,0,0,0,0,1,0,0,0,0,1,1,0,0,0,0,1,0
1025,0,0,1,0,1,0,0,0,0,1,0,0,0,0,1,1,0,0,1,0,0,0
1026,0,0,1,0,1,0,0,0,0,0,1,0,1,0,0,0,0,1,0,1,0,2
1027,0,0,1,0,1,0,0,0,0,0,1,0,1,0,0,0,0,1,0,0,1,2
1028,0,0,1,0,1,0,0,0,0,0,1,0,1,0,0,0,0,1,1,0,0,2
1029,0,0,1,0,1,0,0,0,0,0,1,0,1,0,0,0,1,0,0,1,0,2
1030,0,0,1,0,1,0,0,0,0,0,1,0,1,0,0,0,1,0,0,0,1,2
1031,0,0,1,0,1,0,0,0,0,0,1,0,1,0,0,0,1,0,1,0,0,2
1032,0,0,1,0,1,0,0,0,0,0,1,0,1,0,0,1,0,0,0,1,0,2
1033,0,0,1,0,1,0,0,0,0,0,1,0,1,0,0,1,0,0,0,0,1,2
1034,0,0,1,0,1,0,0,0,0,0,1,0,1,0,0,1,0,0,1,0,0,2
1035,0,0,1,0,1,0,0,0,0,0,1,0,0,1,0,0,0,1,0,1,0,2
1036,0,0,1,0,1,0,0,0,0,0,1,0,0,1,0,0,0,1,0,0,1,2
1037,0,0,1,0,1,0,0,0,0,0,1,0,0,1,0,0,0,1,1,0,0,0
1038,0,0,1,0,1,0,0,0,0,0,1,0,0,1,0,0,1,0,0,1,0,2
1039,0,0,1,0,1,0,0,0,0,0,1,0,0,1,0,0,1,0,0,0,1,0
1040,0,0,1,0,1,0,0,0,0,0,1,0,0,1,0,0,1,0,1,0,0,0
1041,0,0,1,0,1,0,0,0,0,0,1,0,0,1,0,1,0,0,0,1,0,2
1042,0,0,1,0,1,0,0,0,0,0,1,0,0,1,0,1,0,0,0,0,1,0
1043,0,0,1,0,1,0,0,0,0,0,1,0,0,1,0,1,0,0,1,0,0,0
1044,0,0,1,0,1,0,0,0,0,0,1,0,0,0,1,0,0,1,0,1,0,2
1045,0,0,1,0,1,0,0,0,0,0,1,0,0,0,1,0,0,1,0,0,1,2
1046,0,0,1,0,1,0,0,0,0,0,1,0,0,0,1,0,0,1,1,0,0,0
1047,0,0,1,0,1,0,0,0,0,0,1,0,0,0,1,0,1,0,0,1,0,2
1048,0,0,1,0,1,0,0,0,0,0,1,0,0,0,1,0,1,0,0,0,1,0
1049,0,0,1,0,1,0,0,0,0,0,1,0,0,0,1,0,1,0,1,0,0,0
1050,0,0,1,0,1,0,0,0,0,0,1,0,0,0,1,1,0,0,0,1,0,2
1051,0,0,1,0,1,0,0,0,0,0,1,0,0,0,1,1,0,0,0,0,1,0
1052,0,0,1,0,1,0,0,0,0,0,1,0,0,0,1,1,0,0,1,0,0,0
1053,0,0,1,0,1,0,0,0,0,0,0,1,1,0,0,0,0,1,0,1,0,2
1054,0,0,1,0,1,0,0,0,0,0,0,1,1,0,0,0,0,1,0,0,1,2
1055,0,0,1,0,1,0,0,0,0,0,0,1,1,0,0,0,0,1,1,0,0,2
1056,0,0,1,0,1,0,0,0,0,0,0,1,1,0,0,0,1,0,0,1,0,2
1057,0,0,1,0,1,0,0,0,0,0,0,1,1,0,0,0,1,0,0,0,1,2
1058,0,0,1,0,1,0,0,0,0,0,0,1,1,0,0,0,1,0,1,0,0,2
1059,0,0,1,0,1,0,0,0,0,0,0,1,1,0,0,1,0,0,0,1,0,2
1060,0,0,1,0,1,0,0,0,0,0,0,1,1,0,0,1,0,0,0,0,1,2
1061,0,0,1,0,1,0,0,0,0,0,0,1,1,0,0,1,0,0,1,0,0,2
1062,0,0,1,0,1,0,0,0,0,0,0,1,0,1,0,0,0,1,0,1,0,2
1063,0,0,1,0,1,0,0,0,0,0,0,1,0,1,0,0,0,1,0,0,1,2
1064,0,0,1,0,1,0,0,0,0,0,0,1,0,1,0,0,0,1,1,0,0,0
1065,0,0,1,0,1,0,0,0,0,0,0,1,0,1,0,0,1,0,0,1,0,2
1066,0,0,1,0,1,0,0,0,0,0,0,1,0,1,0,0,1,0,0,0,1,0
1067,0,0,1,0,1,0,0,0,0,0,0,1,0,1,0,0,1,0,1,0,0,0
1068,0,0,1,0,1,0,0,0,0,0,0,1,0,1,0,1,0,0,0,1,0,2
1069,0,0,1,0,1,0,0,0,0,0,0,1,0,1,0,1,0,0,0,0,1,0
1070,0,0,1,0,1,0,0,0,0,0,0,1,0,1,0,1,0,0,1,0,0,0
1071,0,0,1,0,1,0,0,0,0,0,0,1,0,0,1,0,0,1,0,1,0,2
1072,0,0,1,0,1,0,0,0,0,0,0,1,0,0,1,0,0,1,0,0,1,2
1073,0,0,1,0,1,0,0,0,0,0,0,1,0,0,1,0,0,1,1,0,0,0
1074,0,0,1,0,1,0,0,0,0,0,0,1,0,0,1,0,1,0,0,1,0,2
1075,0,0,1,0,1,0,0,0,0,0,0,1,0,0,1,0,1,0,0,0,1,0
1076,0,0,1,0,1,0,0,0,0,0,0,1,0,0,1,0,1,0,1,0,0,0
1077,0,0,1,0,1,0,0,0,0,0,0,1,0,0,1,1,0,0,0,1,0,2
1078,0,0,1,0,1,0,0,0,0,0,0,1,0,0,1,1,0,0,0,0,1,0
1079,0,0,1,0,1,0,0,0,0,0,0,1,0,0,1,1,0,0,1,0,0,0
1080,0,0,1,0,0,0,1,0,1,0,0,0,1,0,0,0,0,1,0,1,0,2
1081,0,0,1,0,0,0,1,0,1,0,0,0,1,0,0,0,0,1,0,0,1,2
1082,0,0,1,0,0,0,1,0,1,0,0,0,1,0,0,0,0,1,1,0,0,2
1083,0,0,1,0,0,0,1,0,1,0,0,0,1,0,0,0,1,0,0,1,0,2
1084,0,0,1,0,0,0,1,0,1,0,0,0,1,0,0,0,1,0,0,0,1,2
1085,0,0,1,0,0,0,1,0,1,0,0,0,1,0,0,0,1,0,1,0,0,2
1086,0,0,1,0,0,0,1,0,1,0,0,0,1,0,0,1,0,0,0,1,0,2
1087,0,0,1,0,0,0,1,0,1,0,0,0,1,0,0,1,0,0,0,0,1,2
1088,0,0,1,0,0,0,1,0,1,0,0,0,1,0,0,1,0,0,1,0,0,2
1089,0,0,1,0,0,0,1,0,1,0,0,0,0,1,0,0,0,1,0,1,0,2
1090,0,0,1,0,0,0,1,0,1,0,0,0,0,1,0,0,0,1,0,0,1,0
1091,0,0,1,0,0,0,1,0,1,0,0,0,0,1,0,0,0,1,1,0,0,0
1092,0,0,1,0,0,0,1,0,1,0,0,0,0,1,0,0,1,0,0,1,0,2
1093,0,0,1,0,0,0,1,0,1,0,0,0,0,1,0,0,1,0,0,0,1,0
1094,0,0,1,0,0,0,1,0,1,0,0,0,0,1,0,0,1,0,1,0,0,0
1095,0,0,1,0,0,0,1,0,1,0,0,0,0,1,0,1,0,0,0,1,0,2
1096,0,0,1,0,0,0,1,0,1,0,0,0,0,1,0,1,0,0,0,0,1,0
1097,0,0,1,0,0,0,1,0,1,0,0,0,0,1,0,1,0,0,1,0,0,3
1098,0,0,1,0,0,0,1,0,1,0,0,0,0,0,1,0,0,1,0,1,0,2
1099,0,0,1,0,0,0,1,0,1,0,0,0,0,0,1,0,0,1,0,0,1,2
1100,0,0,1,0,0,0,1,0,1,0,0,0,0,0,1,0,0,1,1,0,0,2
1101,0,0,1,0,0,0,1,0,1,0,0,0,0,0,1,0,1,0,0,1,0,2
1102,0,0,1,0,0,0,1,0,1,0,0,0,0,0,1,0,1,0,0,0,1,0
1103,0,0,1,0,0,0,1,0,1,0,0,0,0,0,1,0,1,0,1,0,0,0
1104,0,0,1,0,0,0,1,0,1,0,0,0,0,0,1,1,0,0,0,1,0,2
1105,0,0,1,0,0,0,1,0,1,0,0,0,0,0,1,1,0,0,0,0,1,0
1106,0,0,1,0,0,0,1,0,1,0,0,0,0,0,1,1,0,0,1,0,0,3
1107,0,0,1,0,0,0,1,0,0,1,0,0,1,0,0,0,0,1,0,1,0,2
1108,0,0,1,0,0,0,1,0,0,1,0,0,1,0,0,0,0,1,0,0,1,2
1109,0,0,1,0,0,0,1,0,0,1,0,0,1,0,0,0,0,1,1,0,0,2
1110,0,0,1,0,0,0,1,0,0,1,0,0,1,0,0,0,1,0,0,1,0,2
1111,0,0,1,0,0,0,1,0,0,1,0,0,1,0,0,0,1,0,0,0,1,2
1112,0,0,1,0,0,0,1,0,0,1,0,0,1,0,0,0,1,0,1,0,0,2
1113,0,0,1,0,0,0,1,0,0,1,0,0,1,0,0,1,0,0,0,1,0,2
1114,0,0,1,0,0,0,1,0,0,1,0,0,1,0,0,1,0,0,0,0,1,2
1115,0,0,1,0,0,0,1,0,0,1,0,0,1,0,0,1,0,0,1,0,0,2
1116,0,0,1,0,0,0,1,0,0,1,0,0,0,1,0,0,0,1,0,1,0,2
1117,0,0,1,0,0,0,1,0,0,1,0,0,0,1,0,0,0,1,0,0,1,0
1118,0,0,1,0,0,0,1,0,0,1,0,0,0,1,0,0,0,1,1,0,0,0
1119,0,0,1,0,0,0,1,0,0,1,0,0,0,1,0,0,1,0,0,1,0,2
1120,0,0,1,0,0,0,1,0,0,1,0,0,0,1,0,0,1,0,0,0,1,0
1121,0,0,1,0,0,0,1,0,0,1,0,0,0,1,0,0,1,0,1,0,0,0
1122,0,0,1,0,0,0,1,0,0,1,0,0,0,1,0,1,0,0,0,1,0,2
1123,0,0,1,0,0,0,1,0,0,1,0,0,0,1,0,1,0,0,0,0,1,0
1124,0,0,1,0,0,0,1,0,0,1,0,0,0,1,0,1,0,0,1,0,0,3
1125,0,0,1,0,0,0,1,0,0,1,0,0,0,0,1,0,0,1,0,1,0,2
1126,0,0,1,0,0,0,1,0,0,1,0,0,0,0,1,0,0,1,0,0,1,0
1127,0,0,1,0,0,0,1,0,0,1,0,0,0,0,1,0,0,1,1,0,0,0
1128,0,0,1,0,0,0,1,0,0,1,0,0,0,0,1,0,1,0,0,1,0,2
1129,0,0,1,0,0,0,1,0,0,1,0,0,0,0,1,0,1,0,0,0,1,0
1130,0,0,1,0,0,0,1,0,0,1,0,0,0,0,1,0,1,0,1,0,0,3
1131,0,0,1,0,0,0,1,0,0,1,0,0,0,0,1,1,0,0,0,1,0,2
1132,0,0,1,0,0,0,1,0,0,1,0,0,0,0,1,1,0,0,0,0,1,0
1133,0,0,1,0,0,0,1,0,0,1,0,0,0,0,1,1,0,0,1,0,0,3
1134,0,0,1,0,0,0,1,0,0,0,1,0,1,0,0,0,0,1,0,1,0,2
1135,0,0,1,0,0,0,1,0,0,0,1,0,1,0,0,0,0,1,0,0,1,2
1136,0,0,1,0,0,0,1,0,0,0,1,0,1,0,0,0,0,1,1,0,0,2
1137,0,0,1,0,0,0,1,0,0,0,1,0,1,0,0,0,1,0,0,1,0,2
1138,0,0,1,0,0,0,1,0,0,0,1,0,1,0,0,0,1,0,0,0,1,2
1139,0,0,1,0,0,0,1,0,0,0,1,0,1,0,0,0,1,0,1,0,0,2
1140,0,0,1,0,0,0,1,0,0,0,1,0,1,0,0,1,0,0,0,1,0,2
1141,0,0,1,0,0,0,1,0,0,0,1,0,1,0,0,1,0,0,0,0,1,2
1142,0,0,1,0,0,0,1,0,0,0,1,0,1,0,0,1,0,0,1,0,0,2
1143,0,0,1,0,0,0,1,0,0,0,1,0,0,1,0,0,0,1,0,1,0,2
1144,0,0,1,0,0,0,1,0,0,0,1,0,0,1,0,0,0,1,0,0,1,0
1145,0,0,1,0,0,0,1,0,0,0,1,0,0,1,0,0,0,1,1,0,0,0
1146,0,0,1,0,0,0,1,0,0,0,1,0,0,1,0,0,1,0,0,1,0,2
1147,0,0,1,0,0,0,1,0,0,0,1,0,0,1,0,0,1,0,0,0,1,0
1148,0,0,1,0,0,0,1,0,0,0,1,0,0,1,0,0,1,0,1,0,0,3
1149,0,0,1,0,0,0,1,0,0,0,1,0,0,1,0,1,0,0,0,1,0,2
1150,0,0,1,0,0,0,1,0,0,0,1,0,0,1,0,1,0,0,0,0,1,0
1151,0,0,1,0,0,0,1,0,0,0,1,0,0,1,0,1,0,0,1,0,0,3
1152,0,0,1,0,0,0,1,0,0,0,1,0,0,0,1,0,0,1,0,1,0,2
1153,0,0,1,0,0,0,1,0,0,0,1,0,0,0,1,0,0,1,0,0,1,0
1154,0,0,1,0,0,0,1,0,0,0,1,0,0,0,1,0,0,1,1,0,0,0
1155,0,0,1,0,0,0,1,0,0,0,1,0,0,0,1,0,1,0,0,1,0,2
1156,0,0,1,0,0,0,1,0,0,0,1,0,0,0,1,0,1,0,0,0,1,0
1157,0,0,1,0,0,0,1,0,0,0,1,0,0,0,1,0,1,0,1,0,0,3
1158,0,0,1,0,0,0,1,0,0,0,1,0,0,0,1,1,0,0,0,1,0,2
1159,0,0,1,0,0,0,1,0,0,0,1,0,0,0,1,1,0,0,0,0,1,0
1160,0,0,1,0,0,0,1,0,0,0,1,0,0,0,1,1,0,0,1,0,0,3
1161,0,0,1,0,0,0,1,0,0,0,0,1,1,0,0,0,0,1,0,1,0,2
1162,0,0,1,0,0,0,1,0,0,0,0,1,1,0,0,0,0,1,0,0,1,2
1163,0,0,1,0,0,0,1,0,0,0,0,1,1,0,0,0,0,1,1,0,0,2
1164,0,0,1,0,0,0,1,0,0,0,0,1,1,0,0,0,1,0,0,1,0,2
1165,0,0,1,0,0,0,1,0,0,0,0,1,1,0,0,0,1,0,0,0,1,2
1166,0,0,1,0,0,0,1,0,0,0,0,1,1,0,0,0,1,0,1,0,0,2
1167,0,0,1,0,0,0,1,0,0,0,0,1,1,0,0,1,0,0,0,1,0,2
1168,0,0,1,0,0,0,1,0,0,0,0,1,1,0,0,1,0,0,0,0,1,2
1169,0,0,1,0,0,0,1,0,0,0,0,1,1,0,0,1,0,0,1,0,0,2
1170,0,0,1,0,0,0,1,0,0,0,0,1,0,1,0,0,0,1,0,1,0,2
1171,0,0,1,0,0,0,1,0,0,0,0,1,0,1,0,0,0,1,0,0,1,0
1172,0,0,1,0,0,0,1,0,0,0,0,1,0,1,0,0,0,1,1,0,0,0
1173,0,0,1,0,0,0,1,0,0,0,0,1,0,1,0,0,1,0,0,1,0,2
1174,0,0,1,0,0,0,1,0,0,0,0,1,0,1,0,0,1,0,0,0,1,0
1175,0,0,1,0,0,0,1,0,0,0,0,1,0,1,0,0,1,0,1,0,0,3
1176,0,0,1,0,0,0,1,0,0,0,0,1,0,1,0,1,0,0,0,1,0,2
1177,0,0,1,0,0,0,1,0,0,0,0,1,0,1,0,1,0,0,0,0,1,0
1178,0,0,1,0,0,0,1,0,0,0,0,1,0,1,0,1,0,0,1,0,0,3
1179,0,0,1,0,0,0,1,0,0,0,0,1,0,0,1,0,0,1,0,1,0,2
1180,0,0,1,0,0,0,1,0,0,0,0,1,0,0,1,0,0,1,0,0,1,0
1181,0,0,1,0,0,0,1,0,0,0,0,1,0,0,1,0,0,1,1,0,0,0
1182,0,0,1,0,0,0,1,0,0,0,0,1,0,0,1,0,1,0,0,1,0,2
1183,0,0,1,0,0,0,1,0,0,0,0,1,0,0,1,0,1,0,0,0,1,0
1184,0,0,1,0,0,0,1,0,0,0,0,1,0,0,1,0,1,0,1,0,0,3
1185,0,0,1,0,0,0,1,0,0,0,0,1,0,0,1,1,0,0,0,1,0,2
1186,0,0,1,0,0,0,1,0,0,0,0,1,0,0,1,1,0,0,0,0,1,0
1187,0,0,1,0,0,0,1,0,0,0,0,1,0,0,1,1,0,0,1,0,0,3
1188,0,0,1,0,0,1,0,0,1,0,0,0,1,0,0,0,0,1,0,1,0,2
1189,0,0,1,0,0,1,0,0,1,0,0,0,1,0,0,0,0,1,0,0,1,2
1190,0,0,1,0,0,1,0,0,1,0,0,0,1,0,0,0,0,1,1,0,0,2
1191,0,0,1,0,0,1,0,0,1,0,0,0,1,0,0,0,1,0,0,1,0,2
1192,0,0,1,0,0,1,0,0,1,0,0,0,1,0,0,0,1,0,0,0,1,2
1193,0,0,1,0,0,1,0,0,1,0,0,0,1,0,0,0,1,0,1,0,0,2
1194,0,0,1,0,0,1,0,0,1,0,0,0,1,0,0,1,0,0,0,1,0,2
1195,0,0,1,0,0,1,0,0,1,0,0,0,1,0,0,1,0,0,0,0,1,2
1196,0,0,1,0,0,1,0,0,1,0,0,0,1,0,0,1,0,0,1,0,0,2
1197,0,0,1,0,0,1,0,0,1,0,0,0,0,1,0,0,0,1,0,1,0,2
1198,0,0,1,0,0,1,0,0,1,0,0,0,0,1,0,0,0,1,0,0,1,0
1199,0,0,1,0,0,1,0,0,1,0,0,0,0,1,0,0,0,1,1,0,0,1
1200,0,0,1,0,0,1,0,0,1,0,0,0,0,1,0,0,1,0,0,1,0,2
1201,0,0,1,0,0,1,0,0,1,0,0,0,0,1,0,0,1,0,0,0,1,0
1202,0,0,1,0,0,1,0,0,1,0,0,0,0,1,0,0,1,0,1,0,0,1
1203,0,0,1,0,0,1,0,0,1,0,0,0,0,1,0,1,0,0,0,1,0,2
1204,0,0,1,0,0,1,0,0,1,0,0,0,0,1,0,1,0,0,0,0,1,1
1205,0,0,1,0,0,1,0,0,1,0,0,0,0,1,0,1,0,0,1,0,0,3
1206,0,0,1,0,0,1,0,0,1,0,0,0,0,0,1,0,0,1,0,1,0,2
1207,0,0,1,0,0,1,0,0,1,0,0,0,0,0,1,0,0,1,0,0,1,2
1208,0,0,1,0,0,1,0,0,1,0,0,0,0,0,1,0,0,1,1,0,0,2
1209,0,0,1,0,0,1,0,0,1,0,0,0,0,0,1,0,1,0,0,1,0,2
1210,0,0,1,0,0,1,0,0,1,0,0,0,0,0,1,0,1,0,0,0,1,0
1211,0,0,1,0,0,1,0,0,1,0,0,0,0,0,1,0,1,0,1,0,0,1
1212,0,0,1,0,0,1,0,0,1,0,0,0,0,0,1,1,0,0,0,1,0,2
1213,0,0,1,0,0,1,0,0,1,0,0,0,0,0,1,1,0,0,0,0,1,1
1214,0,0,1,0,0,1,0,0,1,0,0,0,0,0,1,1,0,0,1,0,0,3
1215,0,0,1,0,0,1,0,0,0,1,0,0,1,0,0,0,0,1,0,1,0,2
1216,0,0,1,0,0,1,0,0,0,1,0,0,1,0,0,0,0,1,0,0,1,2
1217,0,0,1,0,0,1,0,0,0,1,0,0,1,0,0,0,0,1,1,0,0,2
1218,0,0,1,0,0,1,0,0,0,1,0,0,1,0,0,0,1,0,0,1,0,2
1219,0,0,1,0,0,1,0,0,0,1,0,0,1,0,0,0,1,0,0,0,1,2
1220,0,0,1,0,0,1,0,0,0,1,0,0,1,0,0,0,1,0,1,0,0,2
1221,0,0,1,0,0,1,0,0,0,1,0,0,1,0,0,1,0,0,0,1,0,2
1222,0,0,1,0,0,1,0,0,0,1,0,0,1,0,0,1,0,0,0,0,1,2
1223,0,0,1,0,0,1,0,0,0,1,0,0,1,0,0,1,0,0,1,0,0,2
1224,0,0,1,0,0,1,0,0,0,1,0,0,0,1,0,0,0,1,0,1,0,2
1225,0,0,1,0,0,1,0,0,0,1,0,0,0,1,0,0,0,1,0,0,1,0
1226,0,0,1,0,0,1,0,0,0,1,0,0,0,1,0,0,0,1,1,0,0,1
1227,0,0,1,0,0,1,0,0,0,1,0,0,0,1,0,0,1,0,0,1,0,2
1228,0,0,1,0,0,1,0,0,0,1,0,0,0,1,0,0,1,0,0,0,1,0
1229,0,0,1,0,0,1,0,0,0,1,0,0,0,1,0,0,1,0,1,0,0,1
1230,0,0,1,0,0,1,0,0,0,1,0,0,0,1,0,1,0,0,0,1,0,2
1231,0,0,1,0,0,1,0,0,0,1,0,0,0,1,0,1,0,0,0,0,1,1
1232,0,0,1,0,0,1,0,0,0,1,0,0,0,1,0,1,0,0,1,0,0,3
1233,0,0,1,0,0,1,0,0,0,1,0,0,0,0,1,0,0,1,0,1,0,2
1234,0,0,1,0,0,1,0,0,0,1,0,0,0,0,1,0,0,1,0,0,1,0
1235,0,0,1,0,0,1,0,0,0,1,0,0,0,0,1,0,0,1,1,0,0,1
1236,0,0,1,0,0,1,0,0,0,1,0,0,0,0,1,0,1,0,0,1,0,2
1237,0,0,1,0,0,1,0,0,0,1,0,0,0,0,1,0,1,0,0,0,1,1
1238,0,0,1,0,0,1,0,0,0,1,0,0,0,0,1,0,1,0,1,0,0,3
1239,0,0,1,0,0,1,0,0,0,1,0,0,0,0,1,1,0,0,0,1,0,2
1240,0,0,1,0,0,1,0,0,0,1,0,0,0,0,1,1,0,0,0,0,1,1
1241,0,0,1,0,0,1,0,0,0,1,0,0,0,0,1,1,0,0,1,0,0,3
1242,0,0,1,0,0,1,0,0,0,0,1,0,1,0,0,0,0,1,0,1,0,2
1243,0,0,1,0,0,1,0,0,0,0,1,0,1,0,0,0,0,1,0,0,1,2
1244,0,0,1,0,0,1,0,0,0,0,1,0,1,0,0,0,0,1,1,0,0,2
1245,0,0,1,0,0,1,0,0,0,0,1,0,1,0,0,0,1,0,0,1,0,2
1246,0,0,1,0,0,1,0,0,0,0,1,0,1,0,0,0,1,0,0,0,1,2
1247,0,0,1,0,0,1,0,0,0,0,1,0,1,0,0,0,1,0,1,0,0,2
1248,0,0,1,0,0,1,0,0,0,0,1,0,1,0,0,1,0,0,0,1,0,2
1249,0,0,1,0,0,1,0,0,0,0,1,0,1,0,0,1,0,0,0,0,1,2
1250,0,0,1,0,0,1,0,0,0,0,1,0,1,0,0,1,0,0,1,0,0,2
1251,0,0,1,0,0,1,0,0,0,0,1,0,0,1,0,0,0,1,0,1,0,2
1252,0,0,1,0,0,1,0,0,0,0,1,0,0,1,0,0,0,1,0,0,1,0
1253,0,0,1,0,0,1,0,0,0,0,1,0,0,1,0,0,0,1,1,0,0,1
1254,0,0,1,0,0,1,0,0,0,0,1,0,0,1,0,0,1,0,0,1,0,2
1255,0,0,1,0,0,1,0,0,0,0,1,0,0,1,0,0,1,0,0,0,1,1
1256,0,0,1,0,0,1,0,0,0,0,1,0,0,1,0,0,1,0,1,0,0,3
1257,0,0,1,0,0,1,0,0,0,0,1,0,0,1,0,1,0,0,0,1,0,2
1258,0,0,1,0,0,1,0,0,0,0,1,0,0,1,0,1,0,0,0,0,1,1
1259,0,0,1,0,0,1,0,0,0,0,1,0,0,1,0,1,0,0,1,0,0,3
1260,0,0,1,0,0,1,0,0,0,0,1,0,0,0,1,0,0,1,0,1,0,2
1261,0,0,1,0,0,1,0,0,0,0,1,0,0,0,1,0,0,1,0,0,1,0
1262,0,0,1,0,0,1,0,0,0,0,1,0,0,0,1,0,0,1,1,0,0,1
1263,0,0,1,0,0,1,0,0,0,0,1,0,0,0,1,0,1,0,0,1,0,2
1264,0,0,1,0,0,1,0,0,0,0,1,0,0,0,1,0,1,0,0,0,1,1
1265,0,0,1,0,0,1,0,0,0,0,1,0,0,0,1,0,1,0,1,0,0,3
1266,0,0,1,0,0,1,0,0,0,0,1,0,0,0,1,1,0,0,0,1,0,2
1267,0,0,1,0,0,1,0,0,0,0,1,0,0,0,1,1,0,0,0,0,1,1
1268,0,0,1,0,0,1,0,0,0,0,1,0,0,0,1,1,0,0,1,0,0,3
1269,0,0,1,0,0,1,0,0,0,0,0,1,1,0,0,0,0,1,0,1,0,2
1270,0,0,1,0,0,1,0,0,0,0,0,1,1,0,0,0,0,1,0,0,1,2
1271,0,0,1,0,0,1,0,0,0,0,0,1,1,0,0,0,0,1,1,0,0,2
1272,0,0,1,0,0,1,0,0,0,0,0,1,1,0,0,0,1,0,0,1,0,2
1273,0,0,1,0,0,1,0,0,0,0,0,1,1,0,0,0,1,0,0,0,1,2
1274,0,0,1,0,0,1,0,0,0,0,0,1,1,0,0,0,1,0,1,0,0,2
1275,0,0,1,0,0,1,0,0,0,0,0,1,1,0,0,1,0,0,0,1,0,2
1276,0,0,1,0,0,1,0,0,0,0,0,1,1,0,0,1,0,0,0,0,1,2
1277,0,0,1,0,0,1,0,0,0,0,0,1,1,0,0,1,0,0,1,0,0,2
1278,0,0,1,0,0,1,0,0,0,0,0,1,0,1,0,0,0,1,0,1,0,2
1279,0,0,1,0,0,1,0,0,0,0,0,1,0,1,0,0,0,1,0,0,1,0
1280,0,0,1,0,0,1,0,0,0,0,0,1,0,1,0,0,0,1,1,0,0,1
1281,0,0,1,0,0,1,0,0,0,0,0,1,0,1,0,0,1,0,0,1,0,2
1282,0,0,1,0,0,1,0,0,0,0,0,1,0,1,0,0,1,0,0,0,1,1
1283,0,0,1,0,0,1,0,0,0,0,0,1,0,1,0,0,1,0,1,0,0,3
1284,0,0,1,0,0,1,0,0,0,0,0,1,0,1,0,1,0,0,0,1,0,2
1285,0,0,1,0,0,1,0,0,0,0,0,1,0,1,0,1,0,0,0,0,1,1
1286,0,0,1,0,0,1,0,0,0,0,0,1,0,1,0,1,0,0,1,0,0,3
1287,0,0,1,0,0,1,0,0,0,0,0,1,0,0,1,0,0,1,0,1,0,2
1288,0,0,1,0,0,1,0,0,0,0,0,1,0,0,1,0,0,1,0,0,1,0
1289,0,0,1,0,0,1,0,0,0,0,0,1,0,0,1,0,0,1,1,0,0,1
1290,0,0,1,0,0,1,0,0,0,0,0,1,0,0,1,0,1,0,0,1,0,2
1291,0,0,1,0,0,1,0,0,0,0,0,1,0,0,1,0,1,0,0,0,1,1
1292,0,0,1,0,0,1,0,0,0,0,0,1,0,0,1,0,1,0,1,0,0,3
1293,0,0,1,0,0,1,0,0,0,0,0,1,0,0,1,1,0,0,0,1,0,2
1294,0,0,1,0,0,1,0,0,0,0,0,1,0,0,1,1,0,0,0,0,1,1
1295,0,0,1,0,0,1,0,0,0,0,0,1,0,0,1,1,0,0,1,0,0,3
1296,0,1,0,0,0,0,0,1,1,0,0,0,1,0,0,0,0,1,0,1,0,2
1297,0,1,0,0,0,0,0,1,1,0,0,0,1,0,0,0,0,1,0,0,1,2
1298,0,1,0,0,0,0,0,1,1,0,0,0,1,0,0,0,0,1,1,0,0,2
1299,0,1,0,0,0,0,0,1,1,0,0,0,1,0,0,0,1,0,0,1,0,2
1300,0,1,0,0,0,0,0,1,1,0,0,0,1,0,0,0,1,0,0,0,1,2
1301,0,1,0,0,0,0,0,1,1,0,0,0,1,0,0,0,1,0,1,0,0,2
1302,0,1,0,0,0,0,0,1,1,0,0,0,1,0,0,1,0,0,0,1,0,2
1303,0,1,0,0,0,0,0,1,1,0,0,0,1,0,0,1,0,0,0,0,1,2
1304,0,1,0,0,0,0,0,1,1,0,0,0,1,0,0,1,0,0,1,0,0,2
1305,0,1,0,0,0,0,0,1,1,0,0,0,0,1,0,0,0,1,0,1,0,2
1306,0,1,0,0,0,0,0,1,1,0,0,0,0,1,0,0,0,1,0,0,1,2
1307,0,1,0,0,0,0,0,1,1,0,0,0,0,1,0,0,0,1,1,0,0,0
1308,0,1,0,0,0,0,0,1,1,0,0,0,0,1,0,0,1,0,0,1,0,2
1309,0,1,0,0,0,0,0,1,1,0,0,0,0,1,0,0,1,0,0,0,1,2
1310,0,1,0,0,0,0,0,1,1,0,0,0,0,1,0,0,1,0,1,0,0,0
1311,0,1,0,0,0,0,0,1,1,0,0,0,0,1,0,1,0,0,0,1,0,2
1312,0,1,0,0,0,0,0,1,1,0,0,0,0,1,0,1,0,0,0,0,1,0
1313,0,1,0,0,0,0,0,1,1,0,0,0,0,1,0,1,0,0,1,0,0,0
1314,0,1,0,0,0,0,0,1,1,0,0,0,0,0,1,0,0,1,0,1,0,2
1315,0,1,0,0,0,0,0,1,1,0,0,0,0,0,1,0,0,1,0,0,1,2
1316,0,1,0,0,0,0,0,1,1,0,0,0,0,0,1,0,0,1,1,0,0,2
1317,0,1,0,0,0,0,0,1,1,0,0,0,0,0,1,0,1,0,0,1,0,2
1318,0,1,0,0,0,0,0,1,1,0,0,0,0,0,1,0,1,0,0,0,1,2
1319,0,1,0,0,0,0,0,1,1,0,0,0,0,0,1,0,1,0,1,0,0,0
1320,0,1,0,0,0,0,0,1,1,0,0,0,0,0,1,1,0,0,0,1,0,2
1321,0,1,0,0,0,0,0,1,1,0,0,0,0,0,1,1,0,0,0,0,1,0
1322,0,1,0,0,0,0,0,1,1,0,0,0,0,0,1,1,0,0,1,0,0,0
1323,0,1,0,0,0,0,0,1,0,1,0,0,1,0,0,0,0,1,0,1,0,2
1324,0,1,0,0,0,0,0,1,0,1,0,0,1,0,0,0,0,1,0,0,1,2
1325,0,1,0,0,0,0,0,1,0,1,0,0,1,0,0,0,0,1,1,0,0,2
1326,0,1,0,0,0,0,0,1,0,1,0,0,1,0,0,0,1,0,0,1,0,2
1327,0,1,0,0,0,0,0,1,0,1,0,0,1,0,0,0,1,0,0,0,1,2
1328,0,1,0,0,0,0,0,1,0,1,0,0,1,0,0,0,1,0,1,0,0,2
1329,0,1,0,0,0,0,0,1,0,1,0,0,1,0,0,1,0,0,0,1,0,2
1330,0,1,0,0,0,0,0,1,0,1,0,0,1,0,0,1,0,0,0,0,1,2
1331,0,1,0,0,0,0,0,1,0,1,0,0,1,0,0,1,0,0,1,0,0,2
1332,0,1,0,0,0,0,0,1,0,1,0,0,0,1,0,0,0,1,0,1,0,2
1333,0,1,0,0,0,0,0,1,0,1,0,0,0,1,0,0,0,1,0,0,1,2
1334,0,1,0,0,0,0,0,1,0,1,0,0,0,1,0,0,0,1,1,0,0,0
1335,0,1,0,0,0,0,0,1,0,1,0,0,0,1,0,0,1,0,0,1,0,2
1336,0,1,0,0,0,0,0,1,0,1,0,0,0,1,0,0,1,0,0,0,1,2
1337,0,1,0,0,0,0,0,1,0,1,0,0,0,1,0,0,1,0,1,0,0,0
1338,0,1,0,0,0,0,0,1,0,1,0,0,0,1,0,1,0,0,0,1,0,2
1339,0,1,0,0,0,0,0,1,0,1,0,0,0,1,0,1,0,0,0,0,1,0
1340,0,1,0,0,0,0,0,1,0,1,0,0,0,1,0,1,0,0,1,0,0,0
1341,0,1,0,0,0,0,0,1,0,1,0,0,0,0,1,0,0,1,0,1,0,2
1342,0,1,0,0,0,0,0,1,0,1,0,0,0,0,1,0,0,1,0,0,1,2
1343,0,1,0,0,0,0,0,1,0,1,0,0,0,0,1,0,0,1,1,0,0,0
1344,0,1,0,0,0,0,0,1,0,1,0,0,0,0,1,0,1,0,0,1,0,2
1345,0,1,0,0,0,0,0,1,0,1,0,0,0,0,1,0,1,0,0,0,1,0
1346,0,1,0,0,0,0,0,1,0,1,0,0,0,0,1,0,1,0,1,0,0,0
1347,0,1,0,0,0,0,0,1,0,1,0,0,0,0,1,1,0,0,0,1,0,2
1348,0,1,0,0,0,0,0,1,0,1,0,0,0,0,1,1,0,0,0,0,1,0
1349,0,1,0,0,0,0,0,1,0,1,0,0,0,0,1,1,0,0,1,0,0,0
1350,0,1,0,0,0,0,0,1,0,0,1,0,1,0,0,0,0,1,0,1,0,2
1351,0,1,0,0,0,0,0,1,0,0,1,0,1,0,0,0,0,1,0,0,1,2
1352,0,1,0,0,0,0,0,1,0,0,1,0,1,0,0,0,0,1,1,0,0,2
1353,0,1,0,0,0,0,0,1,0,0,1,0,1,0,0,0,1,0,0,1,0,2
1354,0,1,0,0,0,0,0,1,0,0,1,0,1,0,0,0,1,0,0,0,1,2
1355,0,1,0,0,0,0,0,1,0,0,1,0,1,0,0,0,1,0,1,0,0,2
1356,0,1,0,0,0,0,0,1,0,0,1,0,1,0,0,1,0,0,0,1,0,2
1357,0,1,0,0,0,0,0,1,0,0,1,0,1,0,0,1,0,0,0,0,1,2
1358,0,1,0,0,0,0,0,1,0,0,1,0,1,0,0,1,0,0,1,0,0,2
1359,0,1,0,0,0,0,0,1,0,0,1,0,0,1,0,0,0,1,0,1,0,2
1360,0,1,0,0,0,0,0,1,0,0,1,0,0,1,0,0,0,1,0,0,1,2
1361,0,1,0,0,0,0,0,1,0,0,1,0,0,1,0,0,0,1,1,0,0,0
1362,0,1,0,0,0,0,0,1,0,0,1,0,0,1,0,0,1,0,0,1,0,2
1363,0,1,0,0,0,0,0,1,0,0,1,0,0,1,0,0,1,0,0,0,1,0
1364,0,1,0,0,0,0,0,1,0,0,1,0,0,1,0,0,1,0,1,0,0,0
1365,0,1,0,0,0,0,0,1,0,0,1,0,0,1,0,1,0,0,0,1,0,2
1366,0,1,0,0,0,0,0,1,0,0,1,0,0,1,0,1,0,0,0,0,1,0
1367,0,1,0,0,0,0,0,1,0,0,1,0,0,1,0,1,0,0,1,0,0,0
1368,0,1,0,0,0,0,0,1,0,0,1,0,0,0,1,0,0,1,0,1,0,2
1369,0,1,0,0,0,0,0,1,0,0,1,0,0,0,1,0,0,1,0,0,1,2
1370,0,1,0,0,0,0,0,1,0,0,1,0,0,0,1,0,0,1,1,0,0,0
1371,0,1,0,0,0,0,0,1,0,0,1,0,0,0,1,0,1,0,0,1,0,2
1372,0,1,0,0,0,0,0,1,0,0,1,0,0,0,1,0,1,0,0,0,1,0
1373,0,1,0,0,0,0,0,1,0,0,1,0,0,0,1,0,1,0,1,0,0,0
1374,0,1,0,0,0,0,0,1,0,0,1,0,0,0,1,1,0,0,0,1,0,2
1375,0,1,0,0,0,0,0,1,0,0,1,0,0,0,1,1,0,0,0,0,1,0
1376,0,1,0,0,0,0,0,1,0,0,1,0,0,0,1,1,0,0,1,0,0,0
1377,0,1,0,0,0,0,0,1,0,0,0,1,1,0,0,0,0,1,0,1,0,2
1378,0,1,0,0,0,0,0,1,0,0,0,1,1,0,0,0,0,1,0,0,1,2
1379,0,1,0,0,0,0,0,1,0,0,0,1,1,0,0,0,0,1,1,0,0,2
1380,0,1,0,0,0,0,0,1,0,0,0,1,1,0,0,0,1,0,0,1,0,2
1381,0,1,0,0,0,0,0,1,0,0,0,1,1,0,0,0,1,0,0,0,1,2
1382,0,1,0,0,0,0,0,1,0,0,0,1,1,0,0,0,1,0,1,0,0,2
1383,0,1,0,0,0,0,0,1,0,0,0,1,1,0,0,1,0,0,0,1,0,2
1384,0,1,0,0,0,0,0,1,0,0,0,1,1,0,0,1,0,0,0,0,1,2
1385,0,1,0,0,0,0,0,1,0,0,0,1,1,0,0,1,0,0,1,0,0,2
1386,0,1,0,0,0,0,0,1,0,0,0,1,0,1,0,0,0,1,0,1,0,2
1387,0,1,0,0,0,0,0,1,0,0,0,1,0,1,0,0,0,1,0,0,1,2
1388,0,1,0,0,0,0,0,1,0,0,0,1,0,1,0,0,0,1,1,0,0,0
1389,0,1,0,0,0,0,0,1,0,0,0,1,0,1,0,0,1,0,0,1,0,2
1390,0,1,0,0,0,0,0,1,0,0,0,1,0,1,0,0,1,0,0,0,1,0
1391,0,1,0,0,0,0,0,1,0,0,0,1,0,1,0,0,1,0,1,0,0,0
1392,0,1,0,0,0,0,0,1,0,0,0,1,0,1,0,1,0,0,0,1,0,2
1393,0,1,0,0,0,0,0,1,0,0,0,1,0,1,0,1,0,0,0,0,1,0
1394,0,1,0,0,0,0,0,1,0,0,0,1,0,1,0,1,0,0,1,0,0,0
1395,0,1,0,0,0,0,0,1,0,0,0,1,0,0,1,0,0,1,0,1,0,2
1396,0,1,0,0,0,0,0,1,0,0,0,1,0,0,1,0,0,1,0,0,1,2
1397,0,1,0,0,0,0,0,1,0,0,0,1,0,0,1,0,0,1,1,0,0,0
1398,0,1,0,0,0,0,0,1,0,0,0,1,0,0,1,0,1,0,0,1,0,2
1399,0,1,0,0,0,0,0,1,0,0,0,1,0,0,1,0,1,0,0,0,1,0
1400,0,1,0,0,0,0,0,1,0,0,0,1,0,0,1,0,1,0,1,0,0,0
1401,0,1,0,0,0,0,0,1,0,0,0,1,0,0,1,1,0,0,0,1,0,2
1402,0,1,0,0,0,0,0,1,0,0,0,1,0,0,1,1,0,0,0,0,1,0
1403,0,1,0,0,0,0,0,1,0,0,0,1,0,0,1,1,0,0,1,0,0,0
1404,0,1,0,0,1,0,0,0,1,0,0,0,1,0,0,0,0,1,0,1,0,2
1405,0,1,0,0,1,0,0,0,1,0,0,0,1,0,0,0,0,1,0,0,1,2
1406,0,1,0,0,1,0,0,0,1,0,0,0,1,0,0,0,0,1,1,0,0,2
1407,0,1,0,0,1,0,0,0,1,0,0,0,1,0,0,0,1,0,0,1,0,2
1408,0,1,0,0,1,0,0,0,1,0,0,0,1,0,0,0,1,0,0,0,1,2
1409,0,1,0,0,1,0,0,0,1,0,0,0,1,0,0,0,1,0,1,0,0,2
1410,0,1,0,0,1,0,0,0,1,0,0,0,1,0,0,1,0,0,0,1,0,2
1411,0,1,0,0,1,0,0,0,1,0,0,0,1,0,0,1,0,0,0,0,1,2
1412,0,1,0,0,1,0,0,0,1,0,0,0,1,0,0,1,0,0,1,0,0,2
1413,0,1,0,0,1,0,0,0,1,0,0,0,0,1,0,0,0,1,0,1,0,2
1414,0,1,0,0,1,0,0,0,1,0,0,0,0,1,0,0,0,1,0,0,1,0
1415,0,1,0,0,1,0,0,0,1,0,0,0,0,1,0,0,0,1,1,0,0,0
1416,0,1,0,0,1,0,0,0,1,0,0,0,0,1,0,0,1,0,0,1,0,2
1417,0,1,0,0,1,0,0,0,1,0,0,0,0,1,0,0,1,0,0,0,1,0
1418,0,1,0,0,1,0,0,0,1,0,0,0,0,1,0,0,1,0,1,0,0,0
1419,0,1,0,0,1,0,0,0,1,0,0,0,0,1,0,1,0,0,0,1,0,2
1420,0,1,0,0,1,0,0,0,1,0,0,0,0,1,0,1,0,0,0,0,1,0
1421,0,1,0,0,1,0,0,0,1,0,0,0,0,1,0,1,0,0,1,0,0,3
1422,0,1,0,0,1,0,0,0,1,0,0,0,0,0,1,0,0,1,0,1,0,2
1423,0,1,0,0,1,0,0,0,1,0,0,0,0,0,1,0,0,1,0,0,1,2
1424,0,1,0,0,1,0,0,0,1,0,0,0,0,0,1,0,0,1,1,0,0,2
1425,0,1,0,0,1,0,0,0,1,0,0,0,0,0,1,0,1,0,0,1,0,2
1426,0,1,0,0,1,0,0,0,1,0,0,0,0,0,1,0,1,0,0,0,1,0
1427,0,1,0,0,1,0,0,0,1,0,0,0,0,0,1,0,1,0,1,0,0,0
1428,0,1,0,0,1,0,0,0,1,0,0,0,0,0,1,1,0,0,0,1,0,2
1429,0,1,0,0,1,0,0,0,1,0,0,0,0,0,1,1,0,0,0,0,1,0
1430,0,1,0,0,1,0,0,0,1,0,0,0,0,0,1,1,0,0,1,0,0,3
1431,0,1,0,0,1,0,0,0,0,1,0,0,1,0,0,0,0,1,0,1,0,2
1432,0,1,0,0,1,0,0,0,0,1,0,0,1,0,0,0,0,1,0,0,1,2
1433,0,1,0,0,1,0,0,0,0,1,0,0,1,0,0,0,0,1,1,0,0,2
1434,0,1,0,0,1,0,0,0,0,1,0,0,1,0,0,0,1,0,0,1,0,2
1435,0,1,0,0,1,0,0,0,0,1,0,0,1,0,0,0,1,0,0,0,1,2
1436,0,1,0,0,1,0,0,0,0,1,0,0,1,0,0,0,1,0,1,0,0,2
1437,0,1,0,0,1,0,0,0,0,1,0,0,1,0,0,1,0,0,0,1,0,2
1438,0,1,0,0,1,0,0,0,0,1,0,0,1,0,0,1,0,0,0,0,1,2
1439,0,1,0,0,1,0,0,0,0,1,0,0,1,0,0,1,0,0,1,0,0,2
1440,0,1,0,0,1,0,0,0,0,1,0,0,0,1,0,0,0,1,0,1,0,2
1441,0,1,0,0,1,0,0,0,0,1,0,0,0,1,0,0,0,1,0,0,1,0
1442,0,1,0,0,1,0,0,0,0,1,0,0,0,1,0,0,0,1,1,0,0,0
1443,0,1,0,0,1,0,0,0,0,1,0,0,0,1,0,0,1,0,0,1,0,2
1444,0,1,0,0,1,0,0,0,0,1,0,0,0,1,0,0,1,0,0,0,1,0
1445,0,1,0,0,1,0,0,0,0,1,0,0,0,1,0,0,1,0,1,0,0,0
1446,0,1,0,0,1,0,0,0,0,1,0,0,0,1,0,1,0,0,0,1,0,2
1447,0,1,0,0,1,0,0,0,0,1,0,0,0,1,0,1,0,0,0,0,1,0
1448,0,1,0,0,1,0,0,0,0,1,0,0,0,1,0,1,0,0,1,0,0,3
1449,0,1,0,0,1,0,0,0,0,1,0,0,0,0,1,0,0,1,0,1,0,2
1450,0,1,0,0,1,0,0,0,0,1,0,0,0,0,1,0,0,1,0,0,1,0
1451,0,1,0,0,1,0,0,0,0,1,0,0,0,0,1,0,0,1,1,0,0,0
1452,0,1,0,0,1,0,0,0,0,1,0,0,0,0,1,0,1,0,0,1,0,2
1453,0,1,0,0,1,0,0,0,0,1,0,0,0,0,1,0,1,0,0,0,1,0
1454,0,1,0,0,1,0,0,0,0,1,0,0,0,0,1,0,1,0,1,0,0,3
1455,0,1,0,0,1,0,0,0,0,1,0,0,0,0,1,1,0,0,0,1,0,2
1456,0,1,0,0,1,0,0,0,0,1,0,0,0,0,1,1,0,0,0,0,1,0
1457,0,1,0,0,1,0,0,0,0,1,0,0,0,0,1,1,0,0,1,0,0,3
1458,0,1,0,0,1,0,0,0,0,0,1,0,1,0,0,0,0,1,0,1,0,2
1459,0,1,0,0,1,0,0,0,0,0,1,0,1,0,0,0,0,1,0,0,1,2
1460,0,1,0,0,1,0,0,0,0,0,1,0,1,0,0,0,0,1,1,0,0,2
1461,0,1,0,0,1,0,0,0,0,0,1,0,1,0,0,0,1,0,0,1,0,2
1462,0,1,0,0,1,0,0,0,0,0,1,0,1,0,0,0,1,0,0,0,1,2
1463,0,1,0,0,1,0,0,0,0,0,1,0,1,0,0,0,1,0,1,0,0,2
1464,0,1,0,0,1,0,0,0,0,0,1,0,1,0,0,1,0,0,0,1,0,2
1465,0,1,0,0,1,0,0,0,0,0,1,0,1,0,0,1,0,0,0,0,1,2
1466,0,1,0,0,1,0,0,0,0,0,1,0,1,0,0,1,0,0,1,0,0,2
1467,0,1,0,0,1,0,0,0,0,0,1,0,0,1,0,0,0,1,0,1,0,2
1468,0,1,0,0,1,0,0,0,0,0,1,0,0,1,0,0,0,1,0,0,1,0
1469,0,1,0,0,1,0,0,0,0,0,1,0,0,1,0,0,0,1,1,0,0,0
1470,0,1,0,0,1,0,0,0,0,0,1,0,0,1,0,0,1,0,0,1,0,2
1471,0,1,0,0,1,0,0,0,0,0,1,0,0,1,0,0,1,0,0,0,1,0
1472,0,1,0,0,1,0,0,0,0,0,1,0,0,1,0,0,1,0,1,0,0,3
1473,0,1,0,0,1,0,0,0,0,0,1,0,0,1,0,1,0,0,0,1,0,2
1474,0,1,0,0,1,0,0,0,0,0,1,0,0,1,0,1,0,0,0,0,1,0
1475,0,1,0,0,1,0,0,0,0,0,1,0,0,1,0,1,0,0,1,0,0,3
1476,0,1,0,0,1,0,0,0,0,0,1,0,0,0,1,0,0,1,0,1,0,2
1477,0,1,0,0,1,0,0,0,0,0,1,0,0,0,1,0,0,1,0,0,1,0
1478,0,1,0,0,1,0,0,0,0,0,1,0,0,0,1,0,0,1,1,0,0,0
1479,0,1,0,0,1,0,0,0,0,0,1,0,0,0,1,0,1,0,0,1,0,2
1480,0,1,0,0,1,0,0,0,0,0,1,0,0,0,1,0,1,0,0,0,1,0
1481,0,1,0,0,1,0,0,0,0,0,1,0,0,0,1,0,1,0,1,0,0,3
1482,0,1,0,0,1,0,0,0,0,0,1,0,0,0,1,1,0,0,0,1,0,2
1483,0,1,0,0,1,0,0,0,0,0,1,0,0,0,1,1,0,0,0,0,1,0
1484,0,1,0,0,1,0,0,0,0,0,1,0,0,0,1,1,0,0,1,0,0,3
1485,0,1,0,0,1,0,0,0,0,0,0,1,1,0,0,0,0,1,0,1,0,2
1486,0,1,0,0,1,0,0,0,0,0,0,1,1,0,0,0,0,1,0,0,1,2
1487,0,1,0,0,1,0,0,0,0,0,0,1,1,0,0,0,0,1,1,0,0,2
1488,0,1,0,0,1,0,0,0,0,0,0,1,1,0,0,0,1,0,0,1,0,2
1489,0,1,0,0,1,0,0,0,0,0,0,1,1,0,0,0,1,0,0,0,1,2
1490,0,1,0,0,1,0,0,0,0,0,0,1,1,0,0,0,1,0,1,0,0,2
1491,0,1,0,0,1,0,0,0,0,0,0,1,1,0,0,1,0,0,0,1,0,2
1492,0,1,0,0,1,0,0,0,0,0,0,1,1,0,0,1,0,0,0,0,1,2
1493,0,1,0,0,1,0,0,0,0,0,0,1,1,0,0,1,0,0,1,0,0,2
1494,0,1,0,0,1,0,0,0,0,0,0,1,0,1,0,0,0,1,0,1,0,2
1495,0,1,0,0,1,0,0,0,0,0,0,1,0,1,0,0,0,1,0,0,1,0
1496,0,1,0,0,1,0,0,0,0,0,0,1,0,1,0,0,0,1,1,0,0,0
1497,0,1,0,0,1,0,0,0,0,0,0,1,0,1,0,0,1,0,0,1,0,2
1498,0,1,0,0,1,0,0,0,0,0,0,1,0,1,0,0,1,0,0,0,1,0
1499,0,1,0,0,1,0,0,0,0,0,0,1,0,1,0,0,1,0,1,0,0,3
1500,0,1,0,0,1,0,0,0,0,0,0,1,0,1,0,1,0,0,0,1,0,2
1501,0,1,0,0,1,0,0,0,0,0,0,1,0,1,0,1,0,0,0,0,1,0
1502,0,1,0,0,1,0,0,0,0,0,0,1,0,1,0,1,0,0,1,0,0,3
1503,0,1,0,0,1,0,0,0,0,0,0,1,0,0,1,0,0,1,0,1,0,2
1504,0,1,0,0,1,0,0,0,0,0,0,1,0,0,1,0,0,1,0,0,1,0
1505,0,1,0,0,1,0,0,0,0,0,0,1,0,0,1,0,0,1,1,0,0,0
1506,0,1,0,0,1,0,0,0,0,0,0,1,0,0,1,0,1,0,0,1,0,2
1507,0,1,0,0,1,0,0,0,0,0,0,1,0,0,1,0,1,0,0,0,1,0
1508,0,1,0,0,1,0,0,0,0,0,0,1,0,0,1,0,1,0,1,0,0,3
1509,0,1,0,0,1,0,0,0,0,0,0,1,0,0,1,1,0,0,0,1,0,2
1510,0,1,0,0,1,0,0,0,0,0,0,1,0,0,1,1,0,0,0,0,1,0
1511,0,1,0,0,1,0,0,0,0,0,0,1,0,0,1,1,0,0,1,0,0,3
1512,0,1,0,0,0,0,1,0,1,0,0,0,1,0,0,0,0,1,0,1,0,2
1513,0,1,0,0,0,0,1,0,1,0,0,0,1,0,0,0,0,1,0,0,1,2
1514,0,1,0,0,0,0,1,0,1,0,0,0,1,0,0,0,0,1,1,0,0,2
1515,0,1,0,0,0,0,1,0,1,0,0,0,1,0,0,0,1,0,0,1,0,2
1516,0,1,0,0,0,0,1,0,1,0,0,0,1,0,0,0,1,0,0,0,1,2
1517,0,1,0,0,0,0,1,0,1,0,0,0,1,0,0,0,1,0,1,0,0,2
1518,0,1,0,0,0,0,1,0,1,0,0,0,1,0,0,1,0,0,0,1,0,2
1519,0,1,0,0,0,0,1,0,1,0,0,0,1,0,0,1,0,0,0,0,1,2
1520,0,1,0,0,0,0,1,0,1,0,0,0,1,0,0,1,0,0,1,0,0,2
1521,0,1,0,0,0,0,1,0,1,0,0,0,0,1,0,0,0,1,0,1,0,2
1522,0,1,0,0,0,0,1,0,1,0,0,0,0,1,0,0,0,1,0,0,1,0
1523,0,1,0,0,0,0,1,0,1,0,0,0,0,1,0,0,0,1,1,0,0,1
1524,0,1,0,0,0,0,1,0,1,0,0,0,0,1,0,0,1,0,0,1,0,2
1525,0,1,0,0,0,0,1,0,1,0,0,0,0,1,0,0,1,0,0,0,1,0
1526,0,1,0,0,0,0,1,0,1,0,0,0,0,1,0,0,1,0,1,0,0,1
1527,0,1,0,0,0,0,1,0,1,0,0,0,0,1,0,1,0,0,0,1,0,2
1528,0,1,0,0,0,0,1,0,1,0,0,0,0,1,0,1,0,0,0,0,1,1
1529,0,1,0,0,0,0,1,0,1,0,0,0,0,1,0,1,0,0,1,0,0,3
1530,0,1,0,0,0,0,1,0,1,0,0,0,0,0,1,0,0,1,0,1,0,2
1531,0,1,0,0,0,0,1,0,1,0,0,0,0,0,1,0,0,1,0,0,1,2
1532,0,1,0,0,0,0,1,0,1,0,0,0,0,0,1,0,0,1,1,0,0,2
1533,0,1,0,0,0,0,1,0,1,0,0,0,0,0,1,0,1,0,0,1,0,2
1534,0,1,0,0,0,0,1,0,1,0,0,0,0,0,1,0,1,0,0,0,1,0
1535,0,1,0,0,0,0,1,0,1,0,0,0,0,0,1,0,1,0,1,0,0,1
1536,0,1,0,0,0,0,1,0,1,0,0,0,0,0,1,1,0,0,0,1,0,2
1537,0,1,0,0,0,0,1,0,1,0,0,0,0,0,1,1,0,0,0,0,1,1
1538,0,1,0,0,0,0,1,0,1,0,0,0,0,0,1,1,0,0,1,0,0,3
1539,0,1,0,0,0,0,1,0,0,1,0,0,1,0,0,0,0,1,0,1,0,2
1540,0,1,0,0,0,0,1,0,0,1,0,0,1,0,0,0,0,1,0,0,1,2
1541,0,1,0,0,0,0,1,0,0,1,0,0,1,0,0,0,0,1,1,0,0,2
1542,0,1,0,0,0,0,1,0,0,1,0,0,1,0,0,0,1,0,0,1,0,2
1543,0,1,0,0,0,0,1,0,0,1,0,0,1,0,0,0,1,0,0,0,1,2
1544,0,1,0,0,0,0,1,0,0,1,0,0,1,0,0,0,1,0,1,0,0,2
1545,0,1,0,0,0,0,1,0,0,1,0,0,1,0,0,1,0,0,0,1,0,2
1546,0,1,0,0,0,0,1,0,0,1,0,0,1,0,0,1,0,0,0,0,1,2
1547,0,1,0,0,0,0,1,0,0,1,0,0,1,0,0,1,0,0,1,0,0,2
1548,0,1,0,0,0,0,1,0,0,1,0,0,0,1,0,0,0,1,0,1,0,2
1549,0,1,0,0,0,0,1,0,0,1,0,0,0,1,0,0,0,1,0,0,1,0
1550,0,1,0,0,0,0,1,0,0,1,0,0,0,1,0,0,0,1,1,0,0,1
1551,0,1,0,0,0,0,1,0,0,1,0,0,0,1,0,0,1,0,0,1,0,2
1552,0,1,0,0,0,0,1,0,0,1,0,0,0,1,0,0,1,0,0,0,1,0
1553,0,1,0,0,0,0,1,0,0,1,0,0,0,1,0,0,1,0,1,0,0,1
1554,0,1,0,0,0,0,1,0,0,1,0,0,0,1,0,1,0,0,0,1,0,2
1555,0,1,0,0,0,0,1,0,0,1,0,0,0,1,0,1,0,0,0,0,1,1
1556,0,1,0,0,0,0,1,0,0,1,0,0,0,1,0,1,0,0,1,0,0,3
1557,0,1,0,0,0,0,1,0,0,1,0,0,0,0,1,0,0,1,0,1,0,2
1558,0,1,0,0,0,0,1,0,0,1,0,0,0,0,1,0,0,1,0,0,1,0
1559,0,1,0,0,0,0,1,0,0,1,0,0,0,0,1,0,0,1,1,0,0,1
1560,0,1,0,0,0,0,1,0,0,1,0,0,0,0,1,0,1,0,0,1,0,2
1561,0,1,0,0,0,0,1,0,0,1,0,0,0,0,1,0,1,0,0,0,1,1
1562,0,1,0,0,0,0,1,0,0,1,0,0,0,0,1,0,1,0,1,0,0,3
1563,0,1,0,0,0,0,1,0,0,1,0,0,0,0,1,1,0,0,0,1,0,2
1564,0,1,0,0,0,0,1,0,0,1,0,0,0,0,1,1,0,0,0,0,1,1
1565,0,1,0,0,0,0,1,0,0,1,0,0,0,0,1,1,0,0,1,0,0,3
1566,0,1,0,0,0,0,1,0,0,0,1,0,1,0,0,0,0,1,0,1,0,2
1567,0,1,0,0,0,0,1,0,0,0,1,0,1,0,0,0,0,1,0,0,1,2
1568,0,1,0,0,0,0,1,0,0,0,1,0,1,0,0,0,0,1,1,0,0,2
1569,0,1,0,0,0,0,1,0,0,0,1,0,1,0,0,0,1,0,0,1,0,2
1570,0,1,0,0,0,0,1,0,0,0,1,0,1,0,0,0,1,0,0,0,1,2
1571,0,1,0,0,0,0,1,0,0,0,1,0,1,0,0,0,1,0,1,0,0,2
1572,0,1,0,0,0,0,1,0,0,0,1,0,1,0,0,1,0,0,0,1,0,2
1573,0,1,0,0,0,0,1,0,0,0,1,0,1,0,0,1,0,0,0,0,1,2
1574,0,1,0,0,0,0,1,0,0,0,1,0,1,0,0,1,0,0,1,0,0,2
1575,0,1,0,0,0,0,1,0,0,0,1,0,0,1,0,0,0,1,0,1,0,2
1576,0,1,0,0,0,0,1,0,0,0,1,0,0,1,0,0,0,1,0,0,1,0
1577,0,1,0,0,0,0,1,0,0,0,1,0,0,1,0,0,0,1,1,0,0,1
1578,0,1,0,0,0,0,1,0,0,0,1,0,0,1,0,0,1,0,0,1,0,2
1579,0,1,0,0,0,0,1,0,0,0,1,0,0,1,0,0,1,0,0,0,1,1
1580,0,1,0,0,0,0,1,0,0,0,1,0,0,1,0,0,1,0,1,0,0,3
1581,0,1,0,0,0,0,1,0,0,0,1,0,0,1,0,1,0,0,0,1,0,2
1582,0,1,0,0,0,0,1,0,0,0,1,0,0,1,0,1,0,0,0,0,1,1
1583,0,1,0,0,0,0,1,0,0,0,1,0,0,1,0,1,0,0,1,0,0,3
1584,0,1,0,0,0,0,1,0,0,0,1,0,0,0,1,0,0,1,0,1,0,2
1585,0,1,0,0,0,0,1,0,0,0,1,0,0,0,1,0,0,1,0,0,1,0
1586,0,1,0,0,0,0,1,0,0,0,1,0,0,0,1,0,0,1,1,0,0,1
1587,0,1,0,0,0,0,1,0,0,0,1,0,0,0,1,0,1,0,0,1,0,2
1588,0,1,0,0,0,0,1,0,0,0,1,0,0,0,1,0,1,0,0,0,1,1
1589,0,1,0,0,0,0,1,0,0,0,1,0,0,0,1,0,1,0,1,0,0,3
1590,0,1,0,0,0,0,1,0,0,0,1,0,0,0,1,1,0,0,0,1,0,2
1591,0,1,0,0,0,0,1,0,0,0,1,0,0,0,1,1,0,0,0,0,1,1
1592,0,1,0,0,0,0,1,0,0,0,1,0,0,0,1,1,0,0,1,0,0,3
1593,0,1,0,0,0,0,1,0,0,0,0,1,1,0,0,0,0,1,0,1,0,2
1594,0,1,0,0,0,0,1,0,0,0,0,1,1,0,0,0,0,1,0,0,1,2
1595,0,1,0,0,0,0,1,0,0,0,0,1,1,0,0,0,0,1,1,0,0,2
1596,0,1,0,0,0,0,1,0,0,0,0,1,1,0,0,0,1,0,0,1,0,2
1597,0,1,0,0,0,0,1,0,0,0,0,1,1,0,0,0,1,0,0,0,1,2
1598,0,1,0,0,0,0,1,0,0,0,0,1,1,0,0,0,1,0,1,0,0,2
1599,0,1,0,0,0,0,1,0,0,0,0,1,1,0,0,1,0,0,0,1,0,2
1600,0,1,0,0,0,0,1,0,0,0,0,1,1,0,0,1,0,0,0,0,1,2
1601,0,1,0,0,0,0,1,0,0,0,0,1,1,0,0,1,0,0,1,0,0,2
1602,0,1,0,0,0,0,1,0,0,0,0,1,0,1,0,0,0,1,0,1,0,2
1603,0,1,0,0,0,0,1,0,0,0,0,1,0,1,0,0,0,1,0,0,1,0
1604,0,1,0,0,0,0,1,0,0,0,0,1,0,1,0,0,0,1,1,0,0,1
1605,0,1,0,0,0,0,1,0,0,0,0,1,0,1,0,0,1,0,0,1,0,2
1606,0,1,0,0,0,0,1,0,0,0,0,1,0,1,0,0,1,0,0,0,1,1
1607,0,1,0,0,0,0,1,0,0,0,0,1,0,1,0,0,1,0,1,0,0,3
1608,0,1,0,0,0,0,1,0,0,0,0,1,0,1,0,1,0,0,0,1,0,2
1609,0,1,0,0,0,0,1,0,0,0,0,1,0,1,0,1,0,0,0,0,1,1
1610,0,1,0,0,0,0,1,0,0,0,0,1,0,1,0,1,0,0,1,0,0,3
1611,0,1,0,0,0,0,1,0,0,0,0,1,0,0,1,0,0,1,0,1,0,2
1612,0,1,0,0,0,0,1,0,0,0,0,1,0,0,1,0,0,1,0,0,1,0
1613,0,1,0,0,0,0,1,0,0,0,0,1,0,0,1,0,0,1,1,0,0,1
1614,0,1,0,0,0,0,1,0,0,0,0,1,0,0,1,0,1,0,0,1,0,2
1615,0,1,0,0,0,0,1,0,0,0,0,1,0,0,1,0,1,0,0,0,1,1
1616,0,1,0,0,0,0,1,0,0,0,0,1,0,0,1,0,1,0,1,0,0,3
1617,0,1,0,0,0,0,1,0,0,0,0,1,0,0,1,1,0,0,0,1,0,2
1618,0,1,0,0,0,0,1,0,0,0,0,1,0,0,1,1,0,0,0,0,1,1
1619,0,1,0,0,0,0,1,0,0,0,0,1,0,0,1,1,0,0,1,0,0,3
1620,0,1,0,0,0,1,0,0,1,0,0,0,1,0,0,0,0,1,0,1,0,2
1621,0,1,0,0,0,1,0,0,1,0,0,0,1,0,0,0,0,1,0,0,1,2
1622,0,1,0,0,0,1,0,0,1,0,0,0,1,0,0,0,0,1,1,0,0,2
1623,0,1,0,0,0,1,0,0,1,0,0,0,1,0,0,0,1,0,0,1,0,2
1624,0,1,0,0,0,1,0,0,1,0,0,0,1,0,0,0,1,0,0,0,1,2
1625,0,1,0,0,0,1,0,0,1,0,0,0,1,0,0,0,1,0,1,0,0,2
1626,0,1,0,0,0,1,0,0,1,0,0,0,1,0,0,1,0,0,0,1,0,2
1627,0,1,0,0,0,1,0,0,1,0,0,0,1,0,0,1,0,0,0,0,1,2
1628,0,1,0,0,0,1,0,0,1,0,0,0,1,0,0,1,0,0,1,0,0,2
1629,0,1,0,0,0,1,0,0,1,0,0,0,0,1,0,0,0,1,0,1,0,2
1630,0,1,0,0,0,1,0,0,1,0,0,0,0,1,0,0,0,1,0,0,1,0
1631,0,1,0,0,0,1,0,0,1,0,0,0,0,1,0,0,0,1,1,0,0,1
1632,0,1,0,0,0,1,0,0,1,0,0,0,0,1,0,0,1,0,0,1,0,2
1633,0,1,0,0,0,1,0,0,1,0,0,0,0,1,0,0,1,0,0,0,1,0
1634,0,1,0,0,0,1,0,0,1,0,0,0,0,1,0,0,1,0,1,0,0,1
1635,0,1,0,0,0,1,0,0,1,0,0,0,0,1,0,1,0,0,0,1,0,2
1636,0,1,0,0,0,1,0,0,1,0,0,0,0,1,0,1,0,0,0,0,1,1
1637,0,1,0,0,0,1,0,0,1,0,0,0,0,1,0,1,0,0,1,0,0,3
1638,0,1,0,0,0,1,0,0,1,0,0,0,0,0,1,0,0,1,0,1,0,2
1639,0,1,0,0,0,1,0,0,1,0,0,0,0,0,1,0,0,1,0,0,1,2
1640,0,1,0,0,0,1,0,0,1,0,0,0,0,0,1,0,0,1,1,0,0,2
1641,0,1,0,0,0,1,0,0,1,0,0,0,0,0,1,0,1,0,0,1,0,2
1642,0,1,0,0,0,1,0,0,1,0,0,0,0,0,1,0,1,0,0,0,1,0
1643,0,1,0,0,0,1,0,0,1,0,0,0,0,0,1,0,1,0,1,0,0,1
1644,0,1,0,0,0,1,0,0,1,0,0,0,0,0,1,1,0,0,0,1,0,2
1645,0,1,0,0,0,1,0,0,1,0,0,0,0,0,1,1,0,0,0,0,1,1
1646,0,1,0,0,0,1,0,0,1,0,0,0,0,0,1,1,0,0,1,0,0,3
1647,0,1,0,0,0,1,0,0,0,1,0,0,1,0,0,0,0,1,0,1,0,2
1648,0,1,0,0,0,1,0,0,0,1,0,0,1,0,0,0,0,1,0,0,1,2
1649,0,1,0,0,0,1,0,0,0,1,0,0,1,0,0,0,0,1,1,0,0,2
1650,0,1,0,0,0,1,0,0,0,1,0,0,1,0,0,0,1,0,0,1,0,2
1651,0,1,0,0,0,1,0,0,0,1,0,0,1,0,0,0,1,0,0,0,1,2
1652,0,1,0,0,0,1,0,0,0,1,0,0,1,0,0,0,1,0,1,0,0,2
1653,0,1,0,0,0,1,0,0,0,1,0,0,1,0,0,1,0,0,0,1,0,2
1654,0,1,0,0,0,1,0,0,0,1,0,0,1,0,0,1,0,0,0,0,1,2
1655,0,1,0,0,0,1,0,0,0,1,0,0,1,0,0,1,0,0,1,0,0,2
1656,0,1,0,0,0,1,0,0,0,1,0,0,0,1,0,0,0,1,0,1,0,2
1657,0,1,0,0,0,1,0,0,0,1,0,0,0,1,0,0,0,1,0,0,1,0
1658,0,1,0,0,0,1,0,0,0,1,0,0,0,1,0,0,0,1,1,0,0,1
1659,0,1,0,0,0,1,0,0,0,1,0,0,0,1,0,0,1,0,0,1,0,2
1660,0,1,0,0,0,1,0,0,0,1,0,0,0,1,0,0,1,0,0,0,1,0
1661,0,1,0,0,0,1,0,0,0,1,0,0,0,1,0,0,1,0,1,0,0,1
1662,0,1,0,0,0,1,0,0,0,1,0,0,0,1,0,1,0,0,0,1,0,2
1663,0,1,0,0,0,1,0,0,0,1,0,0,0,1,0,1,0,0,0,0,1,1
1664,0,1,0,0,0,1,0,0,0,1,0,0,0,1,0,1,0,0,1,0,0,3
1665,0,1,0,0,0,1,0,0,0,1,0,0,0,0,1,0,0,1,0,1,0,2
1666,0,1,0,0,0,1,0,0,0,1,0,0,0,0,1,0,0,1,0,0,1,0
1667,0,1,0,0,0,1,0,0,0,1,0,0,0,0,1,0,0,1,1,0,0,1
1668,0,1,0,0,0,1,0,0,0,1,0,0,0,0,1,0,1,0,0,1,0,2
1669,0,1,0,0,0,1,0,0,0,1,0,0,0,0,1,0,1,0,0,0,1,1
1670,0,1,0,0,0,1,0,0,0,1,0,0,0,0,1,0,1,0,1,0,0,3
1671,0,1,0,0,0,1,0,0,0,1,0,0,0,0,1,1,0,0,0,1,0,2
1672,0,1,0,0,0,1,0,0,0,1,0,0,0,0,1,1,0,0,0,0,1,1
1673,0,1,0,0,0,1,0,0,0,1,0,0,0,0,1,1,0,0,1,0,0,3
1674,0,1,0,0,0,1,0,0,0,0,1,0,1,0,0,0,0,1,0,1,0,2
1675,0,1,0,0,0,1,0,0,0,0,1,0,1,0,0,0,0,1,0,0,1,2
1676,0,1,0,0,0,1,0,0,0,0,1,0,1,0,0,0,0,1,1,0,0,2
1677,0,1,0,0,0,1,0,0,0,0,1,0,1,0,0,0,1,0,0,1,0,2
1678,0,1,0,0,0,1,0,0,0,0,1,0,1,0,0,0,1,0,0,0,1,2
1679,0,1,0,0,0,1,0,0,0,0,1,0,1,0,0,0,1,0,1,0,0,2
1680,0,1,0,0,0,1,0,0,0,0,1,0,1,0,0,1,0,0,0,1,0,2
1681,0,1,0,0,0,1,0,0,0,0,1,0,1,0,0,1,0,0,0,0,1,2
1682,0,1,0,0,0,1,0,0,0,0,1,0,1,0,0,1,0,0,1,0,0,2
1683,0,1,0,0,0,1,0,0,0,0,1,0,0,1,0,0,0,1,0,1,0,2
1684,0,1,0,0,0,1,0,0,0,0,1,0,0,1,0,0,0,1,0,0,1,0
1685,0,1,0,0,0,1,0,0,0,0,1,0,0,1,0,0,0,1,1,0,0,1
1686,0,1,0,0,0,1,0,0,0,0,1,0,0,1,0,0,1,0,0,1,0,2
1687,0,1,0,0,0,1,0,0,0,0,1,0,0,1,0,0,1,0,0,0,1,1
1688,0,1,0,0,0,1,0,0,0,0,1,0,0,1,0,0,1,0,1,0,0,3
1689,0,1,0,0,0,1,0,0,0,0,1,0,0,1,0,1,0,0,0,1,0,2
1690,0,1,0,0,0,1,0,0,0,0,1,0,0,1,0,1,0,0,0,0,1,1
1691,0,1,0,0,0,1,0,0,0,0,1,0,0,1,0,1,0,0,1,0,0,3
1692,0,1,0,0,0,1,0,0,0,0,1,0,0,0,1,0,0,1,0,1,0,2
1693,0,1,0,0,0,1,0,0,0,0,1,0,0,0,1,0,0,1,0,0,1,0
1694,0,1,0,0,0,1,0,0,0,0,1,0,0,0,1,0,0,1,1,0,0,1
1695,0,1,0,0,0,1,0,0,0,0,1,0,0,0,1,0,1,0,0,1,0,2
1696,0,1,0,0,0,1,0,0,0,0,1,0,0,0,1,0,1,0,0,0,1,1
1697,0,1,0,0,0,1,0,0,0,0,1,0,0,0,1,0,1,0,1,0,0,3
1698,0,1,0,0,0,1,0,0,0,0,1,0,0,0,1,1,0,0,0,1,0,2
1699,0,1,0,0,0,1,0,0,0,0,1,0,0,0,1,1,0,0,0,0,1,1
1700,0,1,0,0,0,1,0,0,0,0,1,0,0,0,1,1,0,0,1,0,0,3
1701,0,1,0,0,0,1,0,0,0,0,0,1,1,0,0,0,0,1,0,1,0,2
1702,0,1,0,0,0,1,0,0,0,0,0,1,1,0,0,0,0,1,0,0,1,2
1703,0,1,0,0,0,1,0,0,0,0,0,1,1,0,0,0,0,1,1,0,0,2
1704,0,1,0,0,0,1,0,0,0,0,0,1,1,0,0,0,1,0,0,1,0,2
1705,0,1,0,0,0,1,0,0,0,0,0,1,1,0,0,0,1,0,0,0,1,2
1706,0,1,0,0,0,1,0,0,0,0,0,1,1,0,0,0,1,0,1,0,0,2
1707,0,1,0,0,0,1,0,0,0,0,0,1,1,0,0,1,0,0,0,1,0,2
1708,0,1,0,0,0,1,0,0,0,0,0,1,1,0,0,1,0,0,0,0,1,2
1709,0,1,0,0,0,1,0,0,0,0,0,1,1,0,0,1,0,0,1,0,0,2
1710,0,1,0,0,0,1,0,0,0,0,0,1,0,1,0,0,0,1,0,1,0,2
1711,0,1,0,0,0,1,0,0,0,0,0,1,0,1,0,0,0,1,0,0,1,0
1712,0,1,0,0,0,1,0,0,0,0,0,1,0,1,0,0,0,1,1,0,0,1
1713,0,1,0,0,0,1,0,0,0,0,0,1,0,1,0,0,1,0,0,1,0,2
1714,0,1,0,0,0,1,0,0,0,0,0,1,0,1,0,0,1,0,0,0,1,1
1715,0,1,0,0,0,1,0,0,0,0,0,1,0,1,0,0,1,0,1,0,0,3
1716,0,1,0,0,0,1,0,0,0,0,0,1,0,1,0,1,0,0,0,1,0,2
1717,0,1,0,0,0,1,0,0,0,0,0,1,0,1,0,1,0,0,0,0,1,1
1718,0,1,0,0,0,1,0,0,0,0,0,1,0,1,0,1,0,0,1,0,0,3
1719,0,1,0,0,0,1,0,0,0,0,0,1,0,0,1,0,0,1,0,1,0,2
1720,0,1,0,0,0,1,0,0,0,0,0,1,0,0,1,0,0,1,0,0,1,0
1721,0,1,0,0,0,1,0,0,0,0,0,1,0,0,1,0,0,1,1,0,0,1
1722,0,1,0,0,0,1,0,0,0,0,0,1,0,0,1,0,1,0,0,1,0,2
1723,0,1,0,0,0,1,0,0,0,0,0,1,0,0,1,0,1,0,0,0,1,1
1724,0,1,0,0,0,1,0,0,0,0,0,1,0,0,1,0,1,0,1,0,0,3
1725,0,1,0,0,0,1,0,0,0,0,0,1,0,0,1,1,0,0,0,1,0,2
1726,0,1,0,0,0,1,0,0,0,0,0,1,0,0,1,1,0,0,0,0,1,1
1727,0,1,0,0,0,1,0,0,0,0,0,1,0,0,1,1,0,0,1,0,0,3
